﻿<?xml version="1.0" encoding="utf-8"?>
<BossData xmlns:xsi="http://www.w3.org/2001/XMLSchema-instance" xmlns:xsd="http://www.w3.org/2001/XMLSchema">
  <BossTypes>
    <BossType>
      <Id>1000001</Id>
      <Name>Lovers</Name>
      <SceneKey>Lovers</SceneKey>
      <PageText1>The Lovers</PageText1>
      <PageText2>...</PageText2>
    </BossType>
    <BossType>
      <Id>1000002</Id>
      <Name>Leak</Name>
      <SceneKey>Leak</SceneKey>
      <PageText1>The Leak</PageText1>
      <PageText2>...</PageText2>
    </BossType>
    <BossType>
      <Id>1000003</Id>
      <Name>Communal</Name>
      <SceneKey>Communal</SceneKey>
      <PageText1>The Communal</PageText1>
      <PageText2>...</PageText2>
    </BossType>
    <BossType>
      <Id>1000004</Id>
      <Name>Other</Name>
      <SceneKey>Other</SceneKey>
      <PageText1>The Other</PageText1>
      <PageText2>...</PageText2>
    </BossType>
    <BossType>
      <Id>1000005</Id>
      <Name>Weak</Name>
      <SceneKey>Weak</SceneKey>
      <PageText1>The Weak</PageText1>
      <PageText2>...</PageText2>
    </BossType>
    <BossType>
      <Id>1000006</Id>
      <Name>Earth</Name>
      <SceneKey>Earth</SceneKey>
      <PageText1>The Earth</PageText1>
      <PageText2>...</PageText2>
    </BossType>
    <BossType>
      <Id>1000007</Id>
      <Name>Young</Name>
      <SceneKey>Young</SceneKey>
      <PageText1>The Young</PageText1>
      <PageText2>...</PageText2>
    </BossType>
    <BossType>
      <Id>1000008</Id>
      <Name>Elder</Name>
      <SceneKey>Elder</SceneKey>
      <PageText1>The Elder</PageText1>
      <PageText2>...</PageText2>
    </BossType>
  </BossTypes>
</BossData>