﻿<?xml version="1.0" encoding="utf-8"?>
<EnemyData xmlns:xsi="http://www.w3.org/2001/XMLSchema-instance" xmlns:xsd="http://www.w3.org/2001/XMLSchema">
  <EnemyTypes>
    <EnemyType>
      <Name>Stationary Look At 1</Name>
      <Id>1000001</Id>
      <PrefabName>generic</PrefabName>
      <SpriteName>enemy_04</SpriteName>
      <Difficulty>0</Difficulty>
      <ChoiceWeight>100</ChoiceWeight>
      <ChoiceWeightIncrease>50</ChoiceWeightIncrease>
      <Health>2</Health>
      <Friction>150</Friction>
      <MaxSpeed>0</MaxSpeed>
      <Acceleration>0</Acceleration>
      <SpinRange>0</SpinRange>
      <LookAtRange>300</LookAtRange>
      <ShootRange>280</ShootRange>
      <ShotStartDistance>4</ShotStartDistance>
      <MovementType>0</MovementType>
      <TargetDistance>0</TargetDistance>
      <RotationSpeed>0</RotationSpeed>
      <RotationOffset>0</RotationOffset>
      <OnlyShootOnPause>false</OnlyShootOnPause>
      <PauseAngle>45</PauseAngle>
      <PauseDuration>0</PauseDuration>
      <WeaponTypeId>2000001</WeaponTypeId>
      <CollisionWeaponTypeId>0</CollisionWeaponTypeId>
    </EnemyType>
    <EnemyType>
      <Name>Constant Rotating 1</Name>
      <Id>1000002</Id>
      <PrefabName>generic</PrefabName>
      <SpriteName>enemy_02</SpriteName>
      <Difficulty>2</Difficulty>
      <ChoiceWeight>50</ChoiceWeight>
      <ChoiceWeightIncrease>30</ChoiceWeightIncrease>
      <Health>2</Health>
      <Friction>150</Friction>
      <MaxSpeed>0</MaxSpeed>
      <Acceleration>0</Acceleration>
      <SpinRange>300</SpinRange>
      <LookAtRange>0</LookAtRange>
      <ShootRange>280</ShootRange>
      <ShotStartDistance>4</ShotStartDistance>
      <MovementType>0</MovementType>
      <TargetDistance>0</TargetDistance>
      <RotationSpeed>45</RotationSpeed>
      <RotationOffset>45</RotationOffset>
      <OnlyShootOnPause>false</OnlyShootOnPause>
      <PauseAngle>45</PauseAngle>
      <PauseDuration>0</PauseDuration>
      <WeaponTypeId>2000003</WeaponTypeId>
      <CollisionWeaponTypeId>0</CollisionWeaponTypeId>
    </EnemyType>
    <EnemyType>
      <Name>Pause Rotating 1</Name>
      <Id>1000003</Id>
      <PrefabName>generic</PrefabName>
      <SpriteName>enemy_02</SpriteName>
      <Difficulty>1</Difficulty>
      <ChoiceWeight>75</ChoiceWeight>
      <ChoiceWeightIncrease>40</ChoiceWeightIncrease>
      <Health>2</Health>
      <Friction>150</Friction>
      <MaxSpeed>0</MaxSpeed>
      <Acceleration>0</Acceleration>
      <SpinRange>300</SpinRange>
      <LookAtRange>0</LookAtRange>
      <ShootRange>280</ShootRange>
      <ShotStartDistance>4</ShotStartDistance>
      <MovementType>0</MovementType>
      <TargetDistance>0</TargetDistance>
      <RotationSpeed>180</RotationSpeed>
      <RotationOffset>45</RotationOffset>
      <OnlyShootOnPause>true</OnlyShootOnPause>
      <PauseAngle>45</PauseAngle>
      <PauseDuration>0.5</PauseDuration>
      <WeaponTypeId>2000002</WeaponTypeId>
      <CollisionWeaponTypeId>0</CollisionWeaponTypeId>
    </EnemyType>
    <EnemyType>
      <Name>Disc 1</Name>
      <Id>1000004</Id>
      <PrefabName>generic_motion</PrefabName>
      <SpriteName>enemy_03</SpriteName>
      <Difficulty>0</Difficulty>
      <ChoiceWeight>90</ChoiceWeight>
      <ChoiceWeightIncrease>50</ChoiceWeightIncrease>
      <Health>3</Health>
      <Friction>150</Friction>
      <MaxSpeed>140</MaxSpeed>
      <Acceleration>280</Acceleration>
      <SpinRange>999999</SpinRange>
      <LookAtRange>0</LookAtRange>
      <ShootRange>0</ShootRange>
      <ShotStartDistance>0</ShotStartDistance>
      <MovementType>0</MovementType>
      <TargetDistance>0</TargetDistance>
      <RotationSpeed>180</RotationSpeed>
      <RotationOffset>45</RotationOffset>
      <OnlyShootOnPause>false</OnlyShootOnPause>
      <PauseAngle>45</PauseAngle>
      <PauseDuration>0</PauseDuration>
      <WeaponTypeId>0</WeaponTypeId>
      <CollisionWeaponTypeId>2000004</CollisionWeaponTypeId>
    </EnemyType>
    <EnemyType>
      <Name>Mine 1</Name>
      <Id>1000005</Id>
      <PrefabName>generic_motion</PrefabName>
      <SpriteName>enemy_05</SpriteName>
      <Difficulty>0</Difficulty>
      <ChoiceWeight>85</ChoiceWeight>
      <ChoiceWeightIncrease>45</ChoiceWeightIncrease>
      <Health>2</Health>
      <Friction>150</Friction>
      <MaxSpeed>140</MaxSpeed>
      <Acceleration>280</Acceleration>
      <SpinRange>999999</SpinRange>
      <LookAtRange>0</LookAtRange>
      <ShootRange>0</ShootRange>
      <ShotStartDistance>0</ShotStartDistance>
      <MovementType>1</MovementType>
      <TargetDistance>0</TargetDistance>
      <RotationSpeed>90</RotationSpeed>
      <RotationOffset>45</RotationOffset>
      <OnlyShootOnPause>false</OnlyShootOnPause>
      <PauseAngle>45</PauseAngle>
      <PauseDuration>0</PauseDuration>
      <WeaponTypeId>0</WeaponTypeId>
      <CollisionWeaponTypeId>2000005</CollisionWeaponTypeId>
    </EnemyType>
    <EnemyType>
      <Name>Moving Look At 1</Name>
      <Id>1000006</Id>
      <PrefabName>generic</PrefabName>
      <SpriteName>enemy_01</SpriteName>
      <Difficulty>1</Difficulty>
      <ChoiceWeight>75</ChoiceWeight>
      <ChoiceWeightIncrease>40</ChoiceWeightIncrease>
      <Health>3</Health>
      <Friction>150</Friction>
      <MaxSpeed>120</MaxSpeed>
      <Acceleration>960</Acceleration>
      <SpinRange>0</SpinRange>
      <LookAtRange>300</LookAtRange>
      <ShootRange>180</ShootRange>
      <ShotStartDistance>4</ShotStartDistance>
      <MovementType>2</MovementType>
      <TargetDistance>140</TargetDistance>
      <RotationSpeed>0</RotationSpeed>
      <RotationOffset>135</RotationOffset>
      <OnlyShootOnPause>false</OnlyShootOnPause>
      <PauseAngle>45</PauseAngle>
      <PauseDuration>0</PauseDuration>
      <WeaponTypeId>2000001</WeaponTypeId>
      <CollisionWeaponTypeId>0</CollisionWeaponTypeId>
    </EnemyType>
    <EnemyType>
      <Name>Move Rotating 1</Name>
      <Id>1000007</Id>
      <PrefabName>move_and_fire</PrefabName>
      <SpriteName>enemy_02</SpriteName>
      <Difficulty>2</Difficulty>
      <ChoiceWeight>50</ChoiceWeight>
      <ChoiceWeightIncrease>30</ChoiceWeightIncrease>
      <Health>2</Health>
      <Friction>150</Friction>
      <MaxSpeed>120</MaxSpeed>
      <Acceleration>360</Acceleration>
      <SpinRange>999999</SpinRange>
      <LookAtRange>0</LookAtRange>
      <ShootRange>280</ShootRange>
      <ShotStartDistance>4</ShotStartDistance>
      <MovementType>0</MovementType>
      <TargetDistance>0</TargetDistance>
      <RotationSpeed>30</RotationSpeed>
      <RotationOffset>45</RotationOffset>
      <OnlyShootOnPause>false</OnlyShootOnPause>
      <PauseAngle>45</PauseAngle>
      <PauseDuration>0</PauseDuration>
      <WeaponTypeId>2000002</WeaponTypeId>
      <CollisionWeaponTypeId>2000004</CollisionWeaponTypeId>
    </EnemyType>
    <EnemyType>
      <Name>Boss Master Shooter</Name>
      <Id>1000008</Id>
      <PrefabName>generic</PrefabName>
      <SpriteName>enemy_04</SpriteName>
      <Difficulty>99</Difficulty>
      <ChoiceWeight>0</ChoiceWeight>
      <ChoiceWeightIncrease>50</ChoiceWeightIncrease>
      <Health>6</Health>
      <Friction>150</Friction>
      <MaxSpeed>0</MaxSpeed>
      <Acceleration>0</Acceleration>
      <SpinRange>0</SpinRange>
      <LookAtRange>300</LookAtRange>
      <ShootRange>280</ShootRange>
      <ShotStartDistance>4</ShotStartDistance>
      <MovementType>0</MovementType>
      <TargetDistance>0</TargetDistance>
      <RotationSpeed>0</RotationSpeed>
      <RotationOffset>0</RotationOffset>
      <OnlyShootOnPause>false</OnlyShootOnPause>
      <PauseAngle>45</PauseAngle>
      <PauseDuration>0</PauseDuration>
      <WeaponTypeId>2000001</WeaponTypeId>
      <CollisionWeaponTypeId>0</CollisionWeaponTypeId>
    </EnemyType>
  </EnemyTypes>
</EnemyData>