﻿<?xml version="1.0" encoding="utf-8"?>
<WeaponData xmlns:xsi="http://www.w3.org/2001/XMLSchema-instance" xmlns:xsd="http://www.w3.org/2001/XMLSchema">
  <WeaponTypes>
    <WeaponType>
      <Name>Normal</Name>
      <Id>1000000</Id>
      <Damage>1</Damage>
      <Knockback>150</Knockback>
      <HitInvincibilityDuration>0.67</HitInvincibilityDuration>
      <ShotSpeed>540</ShotSpeed>
      <ShotCooldown>0.24</ShotCooldown>
      <ShotCount>1</ShotCount>
      <AngleBetweenShots>10</AngleBetweenShots>
      <MaximumBounces>0</MaximumBounces>
      <MinimumBounceAngle>21</MinimumBounceAngle>
      <VelocityFallOff>0</VelocityFallOff>
      <DurationTime>5</DurationTime>
      <DurationDistance>1000</DurationDistance>
      <TravelType>normal</TravelType>
      <TravelTypeParameter>0</TravelTypeParameter>
      <SpecialEffect>none</SpecialEffect>
      <SpecialEffectParameter1>0</SpecialEffectParameter1>
      <SpecialEffectParameter2>0.25</SpecialEffectParameter2>
      <AudioIndex>0</AudioIndex>
      <AudioCooldown>0.1</AudioCooldown>
    </WeaponType>
    <WeaponType>
      <Name>Bounce 1</Name>
      <Id>1000001</Id>
      <Damage>1</Damage>
      <Knockback>150</Knockback>
      <HitInvincibilityDuration>0.67</HitInvincibilityDuration>
      <ShotSpeed>540</ShotSpeed>
      <ShotCooldown>0.24</ShotCooldown>
      <ShotCount>1</ShotCount>
      <AngleBetweenShots>10</AngleBetweenShots>
      <MaximumBounces>1</MaximumBounces>
      <MinimumBounceAngle>21</MinimumBounceAngle>
      <VelocityFallOff>0</VelocityFallOff>
      <DurationTime>5</DurationTime>
      <DurationDistance>1000</DurationDistance>
      <TravelType>normal</TravelType>
      <TravelTypeParameter>0</TravelTypeParameter>
      <SpecialEffect>none</SpecialEffect>
      <SpecialEffectParameter1>0</SpecialEffectParameter1>
      <SpecialEffectParameter2>0.25</SpecialEffectParameter2>
      <AudioIndex>0</AudioIndex>
      <AudioCooldown>0.1</AudioCooldown>
    </WeaponType>
    <WeaponType>
      <Name>Spreadshot 1</Name>
      <Id>1000002</Id>
      <Damage>1</Damage>
      <Knockback>150</Knockback>
      <HitInvincibilityDuration>0.67</HitInvincibilityDuration>
      <ShotSpeed>540</ShotSpeed>
      <ShotCooldown>0.24</ShotCooldown>
      <ShotCount>2</ShotCount>
      <AngleBetweenShots>10</AngleBetweenShots>
      <MaximumBounces>0</MaximumBounces>
      <MinimumBounceAngle>21</MinimumBounceAngle>
      <VelocityFallOff>0</VelocityFallOff>
      <DurationTime>5</DurationTime>
      <DurationDistance>1000</DurationDistance>
      <TravelType>normal</TravelType>
      <TravelTypeParameter>0</TravelTypeParameter>
      <SpecialEffect>none</SpecialEffect>
      <SpecialEffectParameter1>0</SpecialEffectParameter1>
      <SpecialEffectParameter2>0.25</SpecialEffectParameter2>
      <AudioIndex>0</AudioIndex>
      <AudioCooldown>0.1</AudioCooldown>
    </WeaponType>
    <WeaponType>
      <Name>Laser 1</Name>
      <Id>1000003</Id>
      <Damage>1</Damage>
      <Knockback>150</Knockback>
      <HitInvincibilityDuration>0.67</HitInvincibilityDuration>
      <ShotSpeed>0</ShotSpeed>
      <ShotCooldown>0.0333</ShotCooldown>
      <ShotCount>1</ShotCount>
      <AngleBetweenShots>10</AngleBetweenShots>
      <MaximumBounces>0</MaximumBounces>
      <MinimumBounceAngle>21</MinimumBounceAngle>
      <VelocityFallOff>0</VelocityFallOff>
      <DurationTime>0.0333</DurationTime>
      <DurationDistance>1000</DurationDistance>
      <TravelType>laser</TravelType>
      <TravelTypeParameter>1</TravelTypeParameter>
      <SpecialEffect>none</SpecialEffect>
      <SpecialEffectParameter1>0</SpecialEffectParameter1>
      <SpecialEffectParameter2>0.25</SpecialEffectParameter2>
      <AudioIndex>1</AudioIndex>
      <AudioCooldown>0.07</AudioCooldown>
    </WeaponType>
    <WeaponType>
      <Name>Bomb 1</Name>
      <Id>1000004</Id>
      <Damage>1</Damage>
      <Knockback>150</Knockback>
      <HitInvincibilityDuration>0.67</HitInvincibilityDuration>
      <ShotSpeed>400</ShotSpeed>
      <ShotCooldown>0.33</ShotCooldown>
      <ShotCount>1</ShotCount>
      <AngleBetweenShots>10</AngleBetweenShots>
      <MaximumBounces>0</MaximumBounces>
      <MinimumBounceAngle>21</MinimumBounceAngle>
      <VelocityFallOff>200</VelocityFallOff>
      <DurationTime>1</DurationTime>
      <DurationDistance>1000</DurationDistance>
      <TravelType>normal</TravelType>
      <TravelTypeParameter>0</TravelTypeParameter>
      <SpecialEffect>explosion</SpecialEffect>
      <SpecialEffectParameter1>18</SpecialEffectParameter1>
      <SpecialEffectParameter2>0.25</SpecialEffectParameter2>
      <AudioIndex>0</AudioIndex>
      <AudioCooldown>0.1</AudioCooldown>
    </WeaponType>
    <WeaponType>
      <Name>Bounce 2</Name>
      <Id>1000011</Id>
      <Damage>1</Damage>
      <Knockback>150</Knockback>
      <HitInvincibilityDuration>0.67</HitInvincibilityDuration>
      <ShotSpeed>540</ShotSpeed>
      <ShotCooldown>0.24</ShotCooldown>
      <ShotCount>1</ShotCount>
      <AngleBetweenShots>10</AngleBetweenShots>
      <MaximumBounces>3</MaximumBounces>
      <MinimumBounceAngle>21</MinimumBounceAngle>
      <VelocityFallOff>0</VelocityFallOff>
      <DurationTime>5</DurationTime>
      <DurationDistance>1000</DurationDistance>
      <TravelType>normal</TravelType>
      <TravelTypeParameter>0</TravelTypeParameter>
      <SpecialEffect>none</SpecialEffect>
      <SpecialEffectParameter1>0</SpecialEffectParameter1>
      <SpecialEffectParameter2>0.25</SpecialEffectParameter2>
      <AudioIndex>0</AudioIndex>
      <AudioCooldown>0.1</AudioCooldown>
    </WeaponType>
    <WeaponType>
      <Name>Spreadshot 2</Name>
      <Id>1000022</Id>
      <Damage>1</Damage>
      <Knockback>150</Knockback>
      <HitInvincibilityDuration>0.67</HitInvincibilityDuration>
      <ShotSpeed>540</ShotSpeed>
      <ShotCooldown>0.24</ShotCooldown>
      <ShotCount>3</ShotCount>
      <AngleBetweenShots>10</AngleBetweenShots>
      <MaximumBounces>0</MaximumBounces>
      <MinimumBounceAngle>21</MinimumBounceAngle>
      <VelocityFallOff>0</VelocityFallOff>
      <DurationTime>5</DurationTime>
      <DurationDistance>1000</DurationDistance>
      <TravelType>normal</TravelType>
      <TravelTypeParameter>0</TravelTypeParameter>
      <SpecialEffect>none</SpecialEffect>
      <SpecialEffectParameter1>0</SpecialEffectParameter1>
      <SpecialEffectParameter2>0.25</SpecialEffectParameter2>
      <AudioIndex>0</AudioIndex>
      <AudioCooldown>0.1</AudioCooldown>
    </WeaponType>
    <WeaponType>
      <Name>Laser 2</Name>
      <Id>1000033</Id>
      <Damage>1</Damage>
      <Knockback>150</Knockback>
      <HitInvincibilityDuration>0.67</HitInvincibilityDuration>
      <ShotSpeed>0</ShotSpeed>
      <ShotCooldown>0.0333</ShotCooldown>
      <ShotCount>1</ShotCount>
      <AngleBetweenShots>10</AngleBetweenShots>
      <MaximumBounces>0</MaximumBounces>
      <MinimumBounceAngle>21</MinimumBounceAngle>
      <VelocityFallOff>0</VelocityFallOff>
      <DurationTime>0.0333</DurationTime>
      <DurationDistance>1000</DurationDistance>
      <TravelType>laser</TravelType>
      <TravelTypeParameter>1</TravelTypeParameter>
      <SpecialEffect>none</SpecialEffect>
      <SpecialEffectParameter1>0</SpecialEffectParameter1>
      <SpecialEffectParameter2>0.25</SpecialEffectParameter2>
      <AudioIndex>1</AudioIndex>
      <AudioCooldown>0.07</AudioCooldown>
    </WeaponType>
    <WeaponType>
      <Name>Bomb 2</Name>
      <Id>1000044</Id>
      <Damage>1</Damage>
      <Knockback>150</Knockback>
      <HitInvincibilityDuration>0.67</HitInvincibilityDuration>
      <ShotSpeed>400</ShotSpeed>
      <ShotCooldown>0.33</ShotCooldown>
      <ShotCount>1</ShotCount>
      <AngleBetweenShots>10</AngleBetweenShots>
      <MaximumBounces>0</MaximumBounces>
      <MinimumBounceAngle>21</MinimumBounceAngle>
      <VelocityFallOff>200</VelocityFallOff>
      <DurationTime>1</DurationTime>
      <DurationDistance>1000</DurationDistance>
      <TravelType>normal</TravelType>
      <TravelTypeParameter>0</TravelTypeParameter>
      <SpecialEffect>explosion</SpecialEffect>
      <SpecialEffectParameter1>28</SpecialEffectParameter1>
      <SpecialEffectParameter2>0.25</SpecialEffectParameter2>
      <AudioIndex>0</AudioIndex>
      <AudioCooldown>0.1</AudioCooldown>
    </WeaponType>
    <WeaponType>
      <Name>Bounce 1 Spreadshot 1</Name>
      <Id>1000021</Id>
      <Damage>1</Damage>
      <Knockback>150</Knockback>
      <HitInvincibilityDuration>0.67</HitInvincibilityDuration>
      <ShotSpeed>540</ShotSpeed>
      <ShotCooldown>0.24</ShotCooldown>
      <ShotCount>2</ShotCount>
      <AngleBetweenShots>10</AngleBetweenShots>
      <MaximumBounces>1</MaximumBounces>
      <MinimumBounceAngle>21</MinimumBounceAngle>
      <VelocityFallOff>0</VelocityFallOff>
      <DurationTime>5</DurationTime>
      <DurationDistance>1000</DurationDistance>
      <TravelType>normal</TravelType>
      <TravelTypeParameter>0</TravelTypeParameter>
      <SpecialEffect>none</SpecialEffect>
      <SpecialEffectParameter1>0</SpecialEffectParameter1>
      <SpecialEffectParameter2>0.25</SpecialEffectParameter2>
      <AudioIndex>0</AudioIndex>
      <AudioCooldown>0.1</AudioCooldown>
    </WeaponType>
    <WeaponType>
      <Name>Bounce 1 Laser 1</Name>
      <Id>1000031</Id>
      <Damage>1</Damage>
      <Knockback>150</Knockback>
      <HitInvincibilityDuration>0.67</HitInvincibilityDuration>
      <ShotSpeed>0</ShotSpeed>
      <ShotCooldown>0.24</ShotCooldown>
      <ShotCount>1</ShotCount>
      <AngleBetweenShots>10</AngleBetweenShots>
      <MaximumBounces>1</MaximumBounces>
      <MinimumBounceAngle>21</MinimumBounceAngle>
      <VelocityFallOff>0</VelocityFallOff>
      <DurationTime>0.0333</DurationTime>
      <DurationDistance>1000</DurationDistance>
      <TravelType>laser</TravelType>
      <TravelTypeParameter>0</TravelTypeParameter>
      <SpecialEffect>none</SpecialEffect>
      <SpecialEffectParameter1>0</SpecialEffectParameter1>
      <SpecialEffectParameter2>0.25</SpecialEffectParameter2>
      <AudioIndex>1</AudioIndex>
      <AudioCooldown>0.07</AudioCooldown>
    </WeaponType>
    <WeaponType>
      <Name>Bounce 1 Bomb 1</Name>
      <Id>1000041</Id>
      <Damage>1</Damage>
      <Knockback>150</Knockback>
      <HitInvincibilityDuration>0.67</HitInvincibilityDuration>
      <ShotSpeed>300</ShotSpeed>
      <ShotCooldown>0.33</ShotCooldown>
      <ShotCount>1</ShotCount>
      <AngleBetweenShots>10</AngleBetweenShots>
      <MaximumBounces>1</MaximumBounces>
      <MinimumBounceAngle>21</MinimumBounceAngle>
      <VelocityFallOff>200</VelocityFallOff>
      <DurationTime>1</DurationTime>
      <DurationDistance>1000</DurationDistance>
      <TravelType>normal</TravelType>
      <TravelTypeParameter>0</TravelTypeParameter>
      <SpecialEffect>explosion</SpecialEffect>
      <SpecialEffectParameter1>15</SpecialEffectParameter1>
      <SpecialEffectParameter2>0.25</SpecialEffectParameter2>
      <AudioIndex>0</AudioIndex>
      <AudioCooldown>0.1</AudioCooldown>
    </WeaponType>
    <WeaponType>
      <Name>Spreadshot 1 Laser 1</Name>
      <Id>1000032</Id>
      <Damage>1</Damage>
      <Knockback>150</Knockback>
      <HitInvincibilityDuration>0.67</HitInvincibilityDuration>
      <ShotSpeed>0</ShotSpeed>
      <ShotCooldown>0.24</ShotCooldown>
      <ShotCount>2</ShotCount>
      <AngleBetweenShots>10</AngleBetweenShots>
      <MaximumBounces>0</MaximumBounces>
      <MinimumBounceAngle>21</MinimumBounceAngle>
      <VelocityFallOff>0</VelocityFallOff>
      <DurationTime>0.0333</DurationTime>
      <DurationDistance>1000</DurationDistance>
      <TravelType>laser</TravelType>
      <TravelTypeParameter>1</TravelTypeParameter>
      <SpecialEffect>none</SpecialEffect>
      <SpecialEffectParameter1>0</SpecialEffectParameter1>
      <SpecialEffectParameter2>0.25</SpecialEffectParameter2>
      <AudioIndex>1</AudioIndex>
      <AudioCooldown>0.07</AudioCooldown>
    </WeaponType>
    <WeaponType>
      <Name>Spreadshot 1 Bomb 1</Name>
      <Id>1000042</Id>
      <Damage>1</Damage>
      <Knockback>150</Knockback>
      <HitInvincibilityDuration>0.67</HitInvincibilityDuration>
      <ShotSpeed>400</ShotSpeed>
      <ShotCooldown>0.33</ShotCooldown>
      <ShotCount>2</ShotCount>
      <AngleBetweenShots>10</AngleBetweenShots>
      <MaximumBounces>0</MaximumBounces>
      <MinimumBounceAngle>21</MinimumBounceAngle>
      <VelocityFallOff>200</VelocityFallOff>
      <DurationTime>1</DurationTime>
      <DurationDistance>1000</DurationDistance>
      <TravelType>normal</TravelType>
      <TravelTypeParameter>0</TravelTypeParameter>
      <SpecialEffect>explosion</SpecialEffect>
      <SpecialEffectParameter1>15</SpecialEffectParameter1>
      <SpecialEffectParameter2>0.25</SpecialEffectParameter2>
      <AudioIndex>0</AudioIndex>
      <AudioCooldown>0.1</AudioCooldown>
    </WeaponType>
    <WeaponType>
      <Name>Laser 1 Bomb 1</Name>
      <Id>1000043</Id>
      <Damage>1</Damage>
      <Knockback>150</Knockback>
      <HitInvincibilityDuration>0.67</HitInvincibilityDuration>
      <ShotSpeed>0</ShotSpeed>
      <ShotCooldown>0.0333</ShotCooldown>
      <ShotCount>1</ShotCount>
      <AngleBetweenShots>10</AngleBetweenShots>
      <MaximumBounces>0</MaximumBounces>
      <MinimumBounceAngle>21</MinimumBounceAngle>
      <VelocityFallOff>0</VelocityFallOff>
      <DurationTime>0.0333</DurationTime>
      <DurationDistance>1000</DurationDistance>
      <TravelType>laser</TravelType>
      <TravelTypeParameter>1</TravelTypeParameter>
      <SpecialEffect>explosion</SpecialEffect>
      <SpecialEffectParameter1>15</SpecialEffectParameter1>
      <SpecialEffectParameter2>0.25</SpecialEffectParameter2>
      <AudioIndex>1</AudioIndex>
      <AudioCooldown>0.07</AudioCooldown>
    </WeaponType>
    <WeaponType>
      <Name>Bounce 3</Name>
      <Id>1000111</Id>
      <Damage>1</Damage>
      <Knockback>150</Knockback>
      <HitInvincibilityDuration>0.67</HitInvincibilityDuration>
      <ShotSpeed>540</ShotSpeed>
      <ShotCooldown>0.24</ShotCooldown>
      <ShotCount>1</ShotCount>
      <AngleBetweenShots>10</AngleBetweenShots>
      <MaximumBounces>3</MaximumBounces>
      <MinimumBounceAngle>21</MinimumBounceAngle>
      <VelocityFallOff>0</VelocityFallOff>
      <DurationTime>5</DurationTime>
      <DurationDistance>1000</DurationDistance>
      <TravelType>normal</TravelType>
      <TravelTypeParameter>0</TravelTypeParameter>
      <SpecialEffect>none</SpecialEffect>
      <SpecialEffectParameter1>0</SpecialEffectParameter1>
      <SpecialEffectParameter2>0.25</SpecialEffectParameter2>
      <AudioIndex>0</AudioIndex>
      <AudioCooldown>0.1</AudioCooldown>
    </WeaponType>
    <WeaponType>
      <Name>Spreadshot 3</Name>
      <Id>1000222</Id>
      <Damage>1</Damage>
      <Knockback>150</Knockback>
      <HitInvincibilityDuration>0.67</HitInvincibilityDuration>
      <ShotSpeed>540</ShotSpeed>
      <ShotCooldown>0.24</ShotCooldown>
      <ShotCount>5</ShotCount>
      <AngleBetweenShots>10</AngleBetweenShots>
      <MaximumBounces>0</MaximumBounces>
      <MinimumBounceAngle>21</MinimumBounceAngle>
      <VelocityFallOff>0</VelocityFallOff>
      <DurationTime>5</DurationTime>
      <DurationDistance>1000</DurationDistance>
      <TravelType>normal</TravelType>
      <TravelTypeParameter>0</TravelTypeParameter>
      <SpecialEffect>none</SpecialEffect>
      <SpecialEffectParameter1>0</SpecialEffectParameter1>
      <SpecialEffectParameter2>0.25</SpecialEffectParameter2>
      <AudioIndex>0</AudioIndex>
      <AudioCooldown>0.1</AudioCooldown>
    </WeaponType>
    <WeaponType>
      <Name>Laser 3</Name>
      <Id>1000333</Id>
      <Damage>1</Damage>
      <Knockback>150</Knockback>
      <HitInvincibilityDuration>0.67</HitInvincibilityDuration>
      <ShotSpeed>0</ShotSpeed>
      <ShotCooldown>0.0333</ShotCooldown>
      <ShotCount>1</ShotCount>
      <AngleBetweenShots>10</AngleBetweenShots>
      <MaximumBounces>0</MaximumBounces>
      <MinimumBounceAngle>21</MinimumBounceAngle>
      <VelocityFallOff>0</VelocityFallOff>
      <DurationTime>0.0333</DurationTime>
      <DurationDistance>1000</DurationDistance>
      <TravelType>laser</TravelType>
      <TravelTypeParameter>1</TravelTypeParameter>
      <SpecialEffect>none</SpecialEffect>
      <SpecialEffectParameter1>0</SpecialEffectParameter1>
      <SpecialEffectParameter2>0.25</SpecialEffectParameter2>
      <AudioIndex>1</AudioIndex>
      <AudioCooldown>0.07</AudioCooldown>
    </WeaponType>
    <WeaponType>
      <Name>Bomb 3</Name>
      <Id>1000444</Id>
      <Damage>1</Damage>
      <Knockback>150</Knockback>
      <HitInvincibilityDuration>0.67</HitInvincibilityDuration>
      <ShotSpeed>400</ShotSpeed>
      <ShotCooldown>0.33</ShotCooldown>
      <ShotCount>1</ShotCount>
      <AngleBetweenShots>10</AngleBetweenShots>
      <MaximumBounces>0</MaximumBounces>
      <MinimumBounceAngle>21</MinimumBounceAngle>
      <VelocityFallOff>200</VelocityFallOff>
      <DurationTime>1</DurationTime>
      <DurationDistance>1000</DurationDistance>
      <TravelType>normal</TravelType>
      <TravelTypeParameter>0</TravelTypeParameter>
      <SpecialEffect>explosion</SpecialEffect>
      <SpecialEffectParameter1>40</SpecialEffectParameter1>
      <SpecialEffectParameter2>0.25</SpecialEffectParameter2>
      <AudioIndex>0</AudioIndex>
      <AudioCooldown>0.1</AudioCooldown>
    </WeaponType>
    <WeaponType>
      <Name>Bounce 2 Spreadshot 1</Name>
      <Id>1000211</Id>
      <Damage>1</Damage>
      <Knockback>150</Knockback>
      <HitInvincibilityDuration>0.67</HitInvincibilityDuration>
      <ShotSpeed>540</ShotSpeed>
      <ShotCooldown>0.24</ShotCooldown>
      <ShotCount>2</ShotCount>
      <AngleBetweenShots>10</AngleBetweenShots>
      <MaximumBounces>2</MaximumBounces>
      <MinimumBounceAngle>21</MinimumBounceAngle>
      <VelocityFallOff>0</VelocityFallOff>
      <DurationTime>5</DurationTime>
      <DurationDistance>1000</DurationDistance>
      <TravelType>normal</TravelType>
      <TravelTypeParameter>0</TravelTypeParameter>
      <SpecialEffect>none</SpecialEffect>
      <SpecialEffectParameter1>0</SpecialEffectParameter1>
      <SpecialEffectParameter2>0.25</SpecialEffectParameter2>
      <AudioIndex>0</AudioIndex>
      <AudioCooldown>0.1</AudioCooldown>
    </WeaponType>
    <WeaponType>
      <Name>Bounce 2 Laser 1</Name>
      <Id>1000311</Id>
      <Damage>1</Damage>
      <Knockback>150</Knockback>
      <HitInvincibilityDuration>0.67</HitInvincibilityDuration>
      <ShotSpeed>0</ShotSpeed>
      <ShotCooldown>0.24</ShotCooldown>
      <ShotCount>1</ShotCount>
      <AngleBetweenShots>10</AngleBetweenShots>
      <MaximumBounces>2</MaximumBounces>
      <MinimumBounceAngle>21</MinimumBounceAngle>
      <VelocityFallOff>0</VelocityFallOff>
      <DurationTime>0.0333</DurationTime>
      <DurationDistance>1000</DurationDistance>
      <TravelType>laser</TravelType>
      <TravelTypeParameter>1</TravelTypeParameter>
      <SpecialEffect>none</SpecialEffect>
      <SpecialEffectParameter1>0</SpecialEffectParameter1>
      <SpecialEffectParameter2>0.25</SpecialEffectParameter2>
      <AudioIndex>1</AudioIndex>
      <AudioCooldown>0.07</AudioCooldown>
    </WeaponType>
    <WeaponType>
      <Name>Bounce 2 Bomb 1</Name>
      <Id>1000411</Id>
      <Damage>1</Damage>
      <Knockback>150</Knockback>
      <HitInvincibilityDuration>0.67</HitInvincibilityDuration>
      <ShotSpeed>400</ShotSpeed>
      <ShotCooldown>0.33</ShotCooldown>
      <ShotCount>1</ShotCount>
      <AngleBetweenShots>10</AngleBetweenShots>
      <MaximumBounces>2</MaximumBounces>
      <MinimumBounceAngle>21</MinimumBounceAngle>
      <VelocityFallOff>200</VelocityFallOff>
      <DurationTime>1</DurationTime>
      <DurationDistance>1000</DurationDistance>
      <TravelType>normal</TravelType>
      <TravelTypeParameter>0</TravelTypeParameter>
      <SpecialEffect>explosion</SpecialEffect>
      <SpecialEffectParameter1>15</SpecialEffectParameter1>
      <SpecialEffectParameter2>0.25</SpecialEffectParameter2>
      <AudioIndex>0</AudioIndex>
      <AudioCooldown>0.1</AudioCooldown>
    </WeaponType>
    <WeaponType>
      <Name>Spreadshot 2 Bounce 1</Name>
      <Id>1000221</Id>
      <Damage>1</Damage>
      <Knockback>150</Knockback>
      <HitInvincibilityDuration>0.67</HitInvincibilityDuration>
      <ShotSpeed>540</ShotSpeed>
      <ShotCooldown>0.24</ShotCooldown>
      <ShotCount>3</ShotCount>
      <AngleBetweenShots>10</AngleBetweenShots>
      <MaximumBounces>1</MaximumBounces>
      <MinimumBounceAngle>21</MinimumBounceAngle>
      <VelocityFallOff>0</VelocityFallOff>
      <DurationTime>5</DurationTime>
      <DurationDistance>1000</DurationDistance>
      <TravelType>normal</TravelType>
      <TravelTypeParameter>0</TravelTypeParameter>
      <SpecialEffect>none</SpecialEffect>
      <SpecialEffectParameter1>0</SpecialEffectParameter1>
      <SpecialEffectParameter2>0.25</SpecialEffectParameter2>
      <AudioIndex>0</AudioIndex>
      <AudioCooldown>0.1</AudioCooldown>
    </WeaponType>
    <WeaponType>
      <Name>Spreadshot 2 Laser 1</Name>
      <Id>1000322</Id>
      <Damage>1</Damage>
      <Knockback>150</Knockback>
      <HitInvincibilityDuration>0.67</HitInvincibilityDuration>
      <ShotSpeed>0</ShotSpeed>
      <ShotCooldown>0.24</ShotCooldown>
      <ShotCount>3</ShotCount>
      <AngleBetweenShots>10</AngleBetweenShots>
      <MaximumBounces>0</MaximumBounces>
      <MinimumBounceAngle>21</MinimumBounceAngle>
      <VelocityFallOff>0</VelocityFallOff>
      <DurationTime>0.0333</DurationTime>
      <DurationDistance>1000</DurationDistance>
      <TravelType>laser</TravelType>
      <TravelTypeParameter>1</TravelTypeParameter>
      <SpecialEffect>none</SpecialEffect>
      <SpecialEffectParameter1>0</SpecialEffectParameter1>
      <SpecialEffectParameter2>0.25</SpecialEffectParameter2>
      <AudioIndex>1</AudioIndex>
      <AudioCooldown>0.07</AudioCooldown>
    </WeaponType>
    <WeaponType>
      <Name>Spreadshot 2 Bomb 1</Name>
      <Id>1000422</Id>
      <Damage>1</Damage>
      <Knockback>150</Knockback>
      <HitInvincibilityDuration>0.67</HitInvincibilityDuration>
      <ShotSpeed>400</ShotSpeed>
      <ShotCooldown>0.33</ShotCooldown>
      <ShotCount>3</ShotCount>
      <AngleBetweenShots>10</AngleBetweenShots>
      <MaximumBounces>0</MaximumBounces>
      <MinimumBounceAngle>21</MinimumBounceAngle>
      <VelocityFallOff>200</VelocityFallOff>
      <DurationTime>1</DurationTime>
      <DurationDistance>1000</DurationDistance>
      <TravelType>normal</TravelType>
      <TravelTypeParameter>0</TravelTypeParameter>
      <SpecialEffect>explosion</SpecialEffect>
      <SpecialEffectParameter1>15</SpecialEffectParameter1>
      <SpecialEffectParameter2>0.25</SpecialEffectParameter2>
      <AudioIndex>0</AudioIndex>
      <AudioCooldown>0.1</AudioCooldown>
    </WeaponType>
    <WeaponType>
      <Name>Laser 2 Bounce 1</Name>
      <Id>1000331</Id>
      <Damage>1</Damage>
      <Knockback>150</Knockback>
      <HitInvincibilityDuration>0.67</HitInvincibilityDuration>
      <ShotSpeed>0</ShotSpeed>
      <ShotCooldown>0.1</ShotCooldown>
      <ShotCount>1</ShotCount>
      <AngleBetweenShots>10</AngleBetweenShots>
      <MaximumBounces>1</MaximumBounces>
      <MinimumBounceAngle>21</MinimumBounceAngle>
      <VelocityFallOff>0</VelocityFallOff>
      <DurationTime>0.0333</DurationTime>
      <DurationDistance>1000</DurationDistance>
      <TravelType>laser</TravelType>
      <TravelTypeParameter>1</TravelTypeParameter>
      <SpecialEffect>none</SpecialEffect>
      <SpecialEffectParameter1>0</SpecialEffectParameter1>
      <SpecialEffectParameter2>0.25</SpecialEffectParameter2>
      <AudioIndex>1</AudioIndex>
      <AudioCooldown>0.07</AudioCooldown>
    </WeaponType>
    <WeaponType>
      <Name>Laser 2 Spreadshot 1</Name>
      <Id>1000332</Id>
      <Damage>1</Damage>
      <Knockback>150</Knockback>
      <HitInvincibilityDuration>0.67</HitInvincibilityDuration>
      <ShotSpeed>0</ShotSpeed>
      <ShotCooldown>0.1</ShotCooldown>
      <ShotCount>2</ShotCount>
      <AngleBetweenShots>10</AngleBetweenShots>
      <MaximumBounces>0</MaximumBounces>
      <MinimumBounceAngle>21</MinimumBounceAngle>
      <VelocityFallOff>0</VelocityFallOff>
      <DurationTime>0.0333</DurationTime>
      <DurationDistance>1000</DurationDistance>
      <TravelType>laser</TravelType>
      <TravelTypeParameter>1</TravelTypeParameter>
      <SpecialEffect>none</SpecialEffect>
      <SpecialEffectParameter1>0</SpecialEffectParameter1>
      <SpecialEffectParameter2>0.25</SpecialEffectParameter2>
      <AudioIndex>1</AudioIndex>
      <AudioCooldown>0.07</AudioCooldown>
    </WeaponType>
    <WeaponType>
      <Name>Laser 2 Bomb 1</Name>
      <Id>1000433</Id>
      <Damage>1</Damage>
      <Knockback>150</Knockback>
      <HitInvincibilityDuration>0.67</HitInvincibilityDuration>
      <ShotSpeed>0</ShotSpeed>
      <ShotCooldown>0.2</ShotCooldown>
      <ShotCount>1</ShotCount>
      <AngleBetweenShots>10</AngleBetweenShots>
      <MaximumBounces>0</MaximumBounces>
      <MinimumBounceAngle>21</MinimumBounceAngle>
      <VelocityFallOff>0</VelocityFallOff>
      <DurationTime>0.0333</DurationTime>
      <DurationDistance>1000</DurationDistance>
      <TravelType>laser</TravelType>
      <TravelTypeParameter>1</TravelTypeParameter>
      <SpecialEffect>explosion</SpecialEffect>
      <SpecialEffectParameter1>15</SpecialEffectParameter1>
      <SpecialEffectParameter2>0.25</SpecialEffectParameter2>
      <AudioIndex>1</AudioIndex>
      <AudioCooldown>0.07</AudioCooldown>
    </WeaponType>
    <WeaponType>
      <Name>Bomb 2 Bounce 1</Name>
      <Id>1000441</Id>
      <Damage>1</Damage>
      <Knockback>150</Knockback>
      <HitInvincibilityDuration>0.67</HitInvincibilityDuration>
      <ShotSpeed>400</ShotSpeed>
      <ShotCooldown>0.33</ShotCooldown>
      <ShotCount>1</ShotCount>
      <AngleBetweenShots>10</AngleBetweenShots>
      <MaximumBounces>1</MaximumBounces>
      <MinimumBounceAngle>21</MinimumBounceAngle>
      <VelocityFallOff>200</VelocityFallOff>
      <DurationTime>1</DurationTime>
      <DurationDistance>1000</DurationDistance>
      <TravelType>normal</TravelType>
      <TravelTypeParameter>0</TravelTypeParameter>
      <SpecialEffect>explosion</SpecialEffect>
      <SpecialEffectParameter1>20</SpecialEffectParameter1>
      <SpecialEffectParameter2>0.25</SpecialEffectParameter2>
      <AudioIndex>0</AudioIndex>
      <AudioCooldown>0.1</AudioCooldown>
    </WeaponType>
    <WeaponType>
      <Name>Bomb 2 Spreadshot 1</Name>
      <Id>1000442</Id>
      <Damage>1</Damage>
      <Knockback>150</Knockback>
      <HitInvincibilityDuration>0.67</HitInvincibilityDuration>
      <ShotSpeed>400</ShotSpeed>
      <ShotCooldown>0.5</ShotCooldown>
      <ShotCount>2</ShotCount>
      <AngleBetweenShots>10</AngleBetweenShots>
      <MaximumBounces>0</MaximumBounces>
      <MinimumBounceAngle>21</MinimumBounceAngle>
      <VelocityFallOff>200</VelocityFallOff>
      <DurationTime>1</DurationTime>
      <DurationDistance>1000</DurationDistance>
      <TravelType>normal</TravelType>
      <TravelTypeParameter>0</TravelTypeParameter>
      <SpecialEffect>explosion</SpecialEffect>
      <SpecialEffectParameter1>20</SpecialEffectParameter1>
      <SpecialEffectParameter2>0.25</SpecialEffectParameter2>
      <AudioIndex>0</AudioIndex>
      <AudioCooldown>0.1</AudioCooldown>
    </WeaponType>
    <WeaponType>
      <Name>Bomb 2 Laser 1</Name>
      <Id>1000443</Id>
      <Damage>1</Damage>
      <Knockback>150</Knockback>
      <HitInvincibilityDuration>0.67</HitInvincibilityDuration>
      <ShotSpeed>0</ShotSpeed>
      <ShotCooldown>0.24</ShotCooldown>
      <ShotCount>1</ShotCount>
      <AngleBetweenShots>10</AngleBetweenShots>
      <MaximumBounces>0</MaximumBounces>
      <MinimumBounceAngle>21</MinimumBounceAngle>
      <VelocityFallOff>0</VelocityFallOff>
      <DurationTime>0.0333</DurationTime>
      <DurationDistance>1000</DurationDistance>
      <TravelType>laser</TravelType>
      <TravelTypeParameter>1</TravelTypeParameter>
      <SpecialEffect>explosion</SpecialEffect>
      <SpecialEffectParameter1>20</SpecialEffectParameter1>
      <SpecialEffectParameter2>0.25</SpecialEffectParameter2>
      <AudioIndex>1</AudioIndex>
      <AudioCooldown>0.07</AudioCooldown>
    </WeaponType>
    <WeaponType>
      <Name>Bounce 1 Spreadshot 1 Laser 1</Name>
      <Id>1000321</Id>
      <Damage>1</Damage>
      <Knockback>150</Knockback>
      <HitInvincibilityDuration>0.67</HitInvincibilityDuration>
      <ShotSpeed>0</ShotSpeed>
      <ShotCooldown>0.24</ShotCooldown>
      <ShotCount>2</ShotCount>
      <AngleBetweenShots>10</AngleBetweenShots>
      <MaximumBounces>1</MaximumBounces>
      <MinimumBounceAngle>21</MinimumBounceAngle>
      <VelocityFallOff>0</VelocityFallOff>
      <DurationTime>0.0333</DurationTime>
      <DurationDistance>1000</DurationDistance>
      <TravelType>laser</TravelType>
      <TravelTypeParameter>1</TravelTypeParameter>
      <SpecialEffect>none</SpecialEffect>
      <SpecialEffectParameter1>0</SpecialEffectParameter1>
      <SpecialEffectParameter2>0.25</SpecialEffectParameter2>
      <AudioIndex>1</AudioIndex>
      <AudioCooldown>0.07</AudioCooldown>
    </WeaponType>
    <WeaponType>
      <Name>Bounce 1 Spreadshot 1 Bomb 1</Name>
      <Id>1000421</Id>
      <Damage>1</Damage>
      <Knockback>150</Knockback>
      <HitInvincibilityDuration>0.67</HitInvincibilityDuration>
      <ShotSpeed>400</ShotSpeed>
      <ShotCooldown>0.33</ShotCooldown>
      <ShotCount>2</ShotCount>
      <AngleBetweenShots>10</AngleBetweenShots>
      <MaximumBounces>1</MaximumBounces>
      <MinimumBounceAngle>21</MinimumBounceAngle>
      <VelocityFallOff>200</VelocityFallOff>
      <DurationTime>1</DurationTime>
      <DurationDistance>1000</DurationDistance>
      <TravelType>normal</TravelType>
      <TravelTypeParameter>0</TravelTypeParameter>
      <SpecialEffect>explosion</SpecialEffect>
      <SpecialEffectParameter1>15</SpecialEffectParameter1>
      <SpecialEffectParameter2>0.25</SpecialEffectParameter2>
      <AudioIndex>0</AudioIndex>
      <AudioCooldown>0.1</AudioCooldown>
    </WeaponType>
    <WeaponType>
      <Name>Bounce 1 Laser 1 Bomb 1</Name>
      <Id>1000431</Id>
      <Damage>1</Damage>
      <Knockback>150</Knockback>
      <HitInvincibilityDuration>0.67</HitInvincibilityDuration>
      <ShotSpeed>0</ShotSpeed>
      <ShotCooldown>0.3</ShotCooldown>
      <ShotCount>1</ShotCount>
      <AngleBetweenShots>10</AngleBetweenShots>
      <MaximumBounces>1</MaximumBounces>
      <MinimumBounceAngle>21</MinimumBounceAngle>
      <VelocityFallOff>0</VelocityFallOff>
      <DurationTime>0.0333</DurationTime>
      <DurationDistance>1000</DurationDistance>
      <TravelType>laser</TravelType>
      <TravelTypeParameter>1</TravelTypeParameter>
      <SpecialEffect>explosion</SpecialEffect>
      <SpecialEffectParameter1>15</SpecialEffectParameter1>
      <SpecialEffectParameter2>0.25</SpecialEffectParameter2>
      <AudioIndex>1</AudioIndex>
      <AudioCooldown>0.07</AudioCooldown>
    </WeaponType>
    <WeaponType>
      <Name>Spreadshot 1 Laser 1 Bomb 1</Name>
      <Id>1000432</Id>
      <Damage>1</Damage>
      <Knockback>150</Knockback>
      <HitInvincibilityDuration>0.67</HitInvincibilityDuration>
      <ShotSpeed>0</ShotSpeed>
      <ShotCooldown>0.3</ShotCooldown>
      <ShotCount>2</ShotCount>
      <AngleBetweenShots>10</AngleBetweenShots>
      <MaximumBounces>0</MaximumBounces>
      <MinimumBounceAngle>21</MinimumBounceAngle>
      <VelocityFallOff>0</VelocityFallOff>
      <DurationTime>0.0333</DurationTime>
      <DurationDistance>1000</DurationDistance>
      <TravelType>laser</TravelType>
      <TravelTypeParameter>1</TravelTypeParameter>
      <SpecialEffect>explosion</SpecialEffect>
      <SpecialEffectParameter1>15</SpecialEffectParameter1>
      <SpecialEffectParameter2>0.25</SpecialEffectParameter2>
      <AudioIndex>1</AudioIndex>
      <AudioCooldown>0.07</AudioCooldown>
    </WeaponType>
    <WeaponType>
      <Name>Bounce 4</Name>
      <Id>1001111</Id>
      <Damage>1</Damage>
      <Knockback>150</Knockback>
      <HitInvincibilityDuration>0.67</HitInvincibilityDuration>
      <ShotSpeed>540</ShotSpeed>
      <ShotCooldown>0.24</ShotCooldown>
      <ShotCount>1</ShotCount>
      <AngleBetweenShots>10</AngleBetweenShots>
      <MaximumBounces>4</MaximumBounces>
      <MinimumBounceAngle>21</MinimumBounceAngle>
      <VelocityFallOff>0</VelocityFallOff>
      <DurationTime>5</DurationTime>
      <DurationDistance>1000</DurationDistance>
      <TravelType>normal</TravelType>
      <TravelTypeParameter>0</TravelTypeParameter>
      <SpecialEffect>none</SpecialEffect>
      <SpecialEffectParameter1>0</SpecialEffectParameter1>
      <SpecialEffectParameter2>0.25</SpecialEffectParameter2>
      <AudioIndex>0</AudioIndex>
      <AudioCooldown>0.1</AudioCooldown>
    </WeaponType>
    <WeaponType>
      <Name>Spreadshot 4</Name>
      <Id>1002222</Id>
      <Damage>1</Damage>
      <Knockback>150</Knockback>
      <HitInvincibilityDuration>0.67</HitInvincibilityDuration>
      <ShotSpeed>540</ShotSpeed>
      <ShotCooldown>0.24</ShotCooldown>
      <ShotCount>5</ShotCount>
      <AngleBetweenShots>10</AngleBetweenShots>
      <MaximumBounces>0</MaximumBounces>
      <MinimumBounceAngle>21</MinimumBounceAngle>
      <VelocityFallOff>0</VelocityFallOff>
      <DurationTime>5</DurationTime>
      <DurationDistance>1000</DurationDistance>
      <TravelType>normal</TravelType>
      <TravelTypeParameter>0</TravelTypeParameter>
      <SpecialEffect>none</SpecialEffect>
      <SpecialEffectParameter1>0</SpecialEffectParameter1>
      <SpecialEffectParameter2>0.25</SpecialEffectParameter2>
      <AudioIndex>0</AudioIndex>
      <AudioCooldown>0.1</AudioCooldown>
    </WeaponType>
    <WeaponType>
      <Name>Laser 4</Name>
      <Id>1003333</Id>
      <Damage>1</Damage>
      <Knockback>150</Knockback>
      <HitInvincibilityDuration>0.67</HitInvincibilityDuration>
      <ShotSpeed>0</ShotSpeed>
      <ShotCooldown>0.0333</ShotCooldown>
      <ShotCount>1</ShotCount>
      <AngleBetweenShots>10</AngleBetweenShots>
      <MaximumBounces>0</MaximumBounces>
      <MinimumBounceAngle>21</MinimumBounceAngle>
      <VelocityFallOff>0</VelocityFallOff>
      <DurationTime>0.0333</DurationTime>
      <DurationDistance>1000</DurationDistance>
      <TravelType>laser</TravelType>
      <TravelTypeParameter>1</TravelTypeParameter>
      <SpecialEffect>none</SpecialEffect>
      <SpecialEffectParameter1>0</SpecialEffectParameter1>
      <SpecialEffectParameter2>0.25</SpecialEffectParameter2>
      <AudioIndex>1</AudioIndex>
      <AudioCooldown>0.07</AudioCooldown>
    </WeaponType>
    <WeaponType>
      <Name>Bomb 4</Name>
      <Id>1004444</Id>
      <Damage>1</Damage>
      <Knockback>150</Knockback>
      <HitInvincibilityDuration>0.67</HitInvincibilityDuration>
      <ShotSpeed>400</ShotSpeed>
      <ShotCooldown>0.33</ShotCooldown>
      <ShotCount>1</ShotCount>
      <AngleBetweenShots>10</AngleBetweenShots>
      <MaximumBounces>0</MaximumBounces>
      <MinimumBounceAngle>21</MinimumBounceAngle>
      <VelocityFallOff>200</VelocityFallOff>
      <DurationTime>1</DurationTime>
      <DurationDistance>1000</DurationDistance>
      <TravelType>normal</TravelType>
      <TravelTypeParameter>0</TravelTypeParameter>
      <SpecialEffect>explosion</SpecialEffect>
      <SpecialEffectParameter1>42</SpecialEffectParameter1>
      <SpecialEffectParameter2>0.25</SpecialEffectParameter2>
      <AudioIndex>0</AudioIndex>
      <AudioCooldown>0.1</AudioCooldown>
    </WeaponType>
    <WeaponType>
      <Name>Bounce 3 Spreadshot 1</Name>
      <Id>1002111</Id>
      <Damage>1</Damage>
      <Knockback>150</Knockback>
      <HitInvincibilityDuration>0.67</HitInvincibilityDuration>
      <ShotSpeed>540</ShotSpeed>
      <ShotCooldown>0.24</ShotCooldown>
      <ShotCount>2</ShotCount>
      <AngleBetweenShots>10</AngleBetweenShots>
      <MaximumBounces>3</MaximumBounces>
      <MinimumBounceAngle>21</MinimumBounceAngle>
      <VelocityFallOff>0</VelocityFallOff>
      <DurationTime>5</DurationTime>
      <DurationDistance>1000</DurationDistance>
      <TravelType>normal</TravelType>
      <TravelTypeParameter>0</TravelTypeParameter>
      <SpecialEffect>none</SpecialEffect>
      <SpecialEffectParameter1>0</SpecialEffectParameter1>
      <SpecialEffectParameter2>0.25</SpecialEffectParameter2>
      <AudioIndex>0</AudioIndex>
      <AudioCooldown>0.1</AudioCooldown>
    </WeaponType>
    <WeaponType>
      <Name>Bounce 3 Laser 1</Name>
      <Id>1003111</Id>
      <Damage>1</Damage>
      <Knockback>150</Knockback>
      <HitInvincibilityDuration>0.67</HitInvincibilityDuration>
      <ShotSpeed>0</ShotSpeed>
      <ShotCooldown>0.24</ShotCooldown>
      <ShotCount>1</ShotCount>
      <AngleBetweenShots>10</AngleBetweenShots>
      <MaximumBounces>3</MaximumBounces>
      <MinimumBounceAngle>21</MinimumBounceAngle>
      <VelocityFallOff>0</VelocityFallOff>
      <DurationTime>0.0333</DurationTime>
      <DurationDistance>1000</DurationDistance>
      <TravelType>laser</TravelType>
      <TravelTypeParameter>1</TravelTypeParameter>
      <SpecialEffect>none</SpecialEffect>
      <SpecialEffectParameter1>0</SpecialEffectParameter1>
      <SpecialEffectParameter2>0.25</SpecialEffectParameter2>
      <AudioIndex>1</AudioIndex>
      <AudioCooldown>0.07</AudioCooldown>
    </WeaponType>
    <WeaponType>
      <Name>Bounce 3 Bomb 1</Name>
      <Id>1004111</Id>
      <Damage>1</Damage>
      <Knockback>150</Knockback>
      <HitInvincibilityDuration>0.67</HitInvincibilityDuration>
      <ShotSpeed>400</ShotSpeed>
      <ShotCooldown>0.5</ShotCooldown>
      <ShotCount>1</ShotCount>
      <AngleBetweenShots>10</AngleBetweenShots>
      <MaximumBounces>3</MaximumBounces>
      <MinimumBounceAngle>21</MinimumBounceAngle>
      <VelocityFallOff>200</VelocityFallOff>
      <DurationTime>1</DurationTime>
      <DurationDistance>1000</DurationDistance>
      <TravelType>normal</TravelType>
      <TravelTypeParameter>0</TravelTypeParameter>
      <SpecialEffect>explosion</SpecialEffect>
      <SpecialEffectParameter1>15</SpecialEffectParameter1>
      <SpecialEffectParameter2>0.25</SpecialEffectParameter2>
      <AudioIndex>0</AudioIndex>
      <AudioCooldown>0.1</AudioCooldown>
    </WeaponType>
    <WeaponType>
      <Name>Spreadshot 3 Bounce 1</Name>
      <Id>1002221</Id>
      <Damage>1</Damage>
      <Knockback>150</Knockback>
      <HitInvincibilityDuration>0.67</HitInvincibilityDuration>
      <ShotSpeed>540</ShotSpeed>
      <ShotCooldown>0.24</ShotCooldown>
      <ShotCount>4</ShotCount>
      <AngleBetweenShots>10</AngleBetweenShots>
      <MaximumBounces>1</MaximumBounces>
      <MinimumBounceAngle>21</MinimumBounceAngle>
      <VelocityFallOff>0</VelocityFallOff>
      <DurationTime>5</DurationTime>
      <DurationDistance>1000</DurationDistance>
      <TravelType>normal</TravelType>
      <TravelTypeParameter>0</TravelTypeParameter>
      <SpecialEffect>none</SpecialEffect>
      <SpecialEffectParameter1>0</SpecialEffectParameter1>
      <SpecialEffectParameter2>0.25</SpecialEffectParameter2>
      <AudioIndex>0</AudioIndex>
      <AudioCooldown>0.1</AudioCooldown>
    </WeaponType>
    <WeaponType>
      <Name>Spreadshot 3 Laser 1</Name>
      <Id>1003222</Id>
      <Damage>1</Damage>
      <Knockback>150</Knockback>
      <HitInvincibilityDuration>0.67</HitInvincibilityDuration>
      <ShotSpeed>0</ShotSpeed>
      <ShotCooldown>0.24</ShotCooldown>
      <ShotCount>4</ShotCount>
      <AngleBetweenShots>10</AngleBetweenShots>
      <MaximumBounces>0</MaximumBounces>
      <MinimumBounceAngle>21</MinimumBounceAngle>
      <VelocityFallOff>0</VelocityFallOff>
      <DurationTime>0.0333</DurationTime>
      <DurationDistance>1000</DurationDistance>
      <TravelType>laser</TravelType>
      <TravelTypeParameter>1</TravelTypeParameter>
      <SpecialEffect>none</SpecialEffect>
      <SpecialEffectParameter1>0</SpecialEffectParameter1>
      <SpecialEffectParameter2>0.25</SpecialEffectParameter2>
      <AudioIndex>1</AudioIndex>
      <AudioCooldown>0.07</AudioCooldown>
    </WeaponType>
    <WeaponType>
      <Name>Spreadshot 3 Bomb 1</Name>
      <Id>1004222</Id>
      <Damage>1</Damage>
      <Knockback>150</Knockback>
      <HitInvincibilityDuration>0.67</HitInvincibilityDuration>
      <ShotSpeed>400</ShotSpeed>
      <ShotCooldown>0.33</ShotCooldown>
      <ShotCount>4</ShotCount>
      <AngleBetweenShots>10</AngleBetweenShots>
      <MaximumBounces>0</MaximumBounces>
      <MinimumBounceAngle>21</MinimumBounceAngle>
      <VelocityFallOff>200</VelocityFallOff>
      <DurationTime>1</DurationTime>
      <DurationDistance>1000</DurationDistance>
      <TravelType>normal</TravelType>
      <TravelTypeParameter>0</TravelTypeParameter>
      <SpecialEffect>explosion</SpecialEffect>
      <SpecialEffectParameter1>15</SpecialEffectParameter1>
      <SpecialEffectParameter2>0.25</SpecialEffectParameter2>
      <AudioIndex>0</AudioIndex>
      <AudioCooldown>0.1</AudioCooldown>
    </WeaponType>
    <WeaponType>
      <Name>Laser 3 Bounce 1</Name>
      <Id>1003331</Id>
      <Damage>1</Damage>
      <Knockback>150</Knockback>
      <HitInvincibilityDuration>0.67</HitInvincibilityDuration>
      <ShotSpeed>0</ShotSpeed>
      <ShotCooldown>0.06</ShotCooldown>
      <ShotCount>1</ShotCount>
      <AngleBetweenShots>10</AngleBetweenShots>
      <MaximumBounces>1</MaximumBounces>
      <MinimumBounceAngle>21</MinimumBounceAngle>
      <VelocityFallOff>0</VelocityFallOff>
      <DurationTime>0.0333</DurationTime>
      <DurationDistance>1000</DurationDistance>
      <TravelType>laser</TravelType>
      <TravelTypeParameter>1</TravelTypeParameter>
      <SpecialEffect>none</SpecialEffect>
      <SpecialEffectParameter1>0</SpecialEffectParameter1>
      <SpecialEffectParameter2>0.25</SpecialEffectParameter2>
      <AudioIndex>1</AudioIndex>
      <AudioCooldown>0.07</AudioCooldown>
    </WeaponType>
    <WeaponType>
      <Name>Laser 3 Spreadshot 1</Name>
      <Id>1003332</Id>
      <Damage>1</Damage>
      <Knockback>150</Knockback>
      <HitInvincibilityDuration>0.67</HitInvincibilityDuration>
      <ShotSpeed>0</ShotSpeed>
      <ShotCooldown>0.06</ShotCooldown>
      <ShotCount>2</ShotCount>
      <AngleBetweenShots>10</AngleBetweenShots>
      <MaximumBounces>0</MaximumBounces>
      <MinimumBounceAngle>21</MinimumBounceAngle>
      <VelocityFallOff>0</VelocityFallOff>
      <DurationTime>0.0333</DurationTime>
      <DurationDistance>1000</DurationDistance>
      <TravelType>laser</TravelType>
      <TravelTypeParameter>1</TravelTypeParameter>
      <SpecialEffect>none</SpecialEffect>
      <SpecialEffectParameter1>0</SpecialEffectParameter1>
      <SpecialEffectParameter2>0.25</SpecialEffectParameter2>
      <AudioIndex>1</AudioIndex>
      <AudioCooldown>0.07</AudioCooldown>
    </WeaponType>
    <WeaponType>
      <Name>Laser 3 Bomb 1</Name>
      <Id>1004333</Id>
      <Damage>1</Damage>
      <Knockback>150</Knockback>
      <HitInvincibilityDuration>0.67</HitInvincibilityDuration>
      <ShotSpeed>0</ShotSpeed>
      <ShotCooldown>0.1</ShotCooldown>
      <ShotCount>1</ShotCount>
      <AngleBetweenShots>10</AngleBetweenShots>
      <MaximumBounces>0</MaximumBounces>
      <MinimumBounceAngle>21</MinimumBounceAngle>
      <VelocityFallOff>0</VelocityFallOff>
      <DurationTime>0.0333</DurationTime>
      <DurationDistance>1000</DurationDistance>
      <TravelType>laser</TravelType>
      <TravelTypeParameter>1</TravelTypeParameter>
      <SpecialEffect>explosion</SpecialEffect>
      <SpecialEffectParameter1>15</SpecialEffectParameter1>
      <SpecialEffectParameter2>0.25</SpecialEffectParameter2>
      <AudioIndex>1</AudioIndex>
      <AudioCooldown>0.07</AudioCooldown>
    </WeaponType>
    <WeaponType>
      <Name>Bomb 3 Bounce 1</Name>
      <Id>1004441</Id>
      <Damage>1</Damage>
      <Knockback>150</Knockback>
      <HitInvincibilityDuration>0.67</HitInvincibilityDuration>
      <ShotSpeed>300</ShotSpeed>
      <ShotCooldown>0.5</ShotCooldown>
      <ShotCount>1</ShotCount>
      <AngleBetweenShots>10</AngleBetweenShots>
      <MaximumBounces>1</MaximumBounces>
      <MinimumBounceAngle>21</MinimumBounceAngle>
      <VelocityFallOff>280</VelocityFallOff>
      <DurationTime>1</DurationTime>
      <DurationDistance>1000</DurationDistance>
      <TravelType>normal</TravelType>
      <TravelTypeParameter>0</TravelTypeParameter>
      <SpecialEffect>explosion</SpecialEffect>
      <SpecialEffectParameter1>25</SpecialEffectParameter1>
      <SpecialEffectParameter2>0.25</SpecialEffectParameter2>
      <AudioIndex>0</AudioIndex>
      <AudioCooldown>0.1</AudioCooldown>
    </WeaponType>
    <WeaponType>
      <Name>Bomb 3 Spreadshot 1</Name>
      <Id>1004442</Id>
      <Damage>1</Damage>
      <Knockback>150</Knockback>
      <HitInvincibilityDuration>0.67</HitInvincibilityDuration>
      <ShotSpeed>300</ShotSpeed>
      <ShotCooldown>0.5</ShotCooldown>
      <ShotCount>2</ShotCount>
      <AngleBetweenShots>10</AngleBetweenShots>
      <MaximumBounces>0</MaximumBounces>
      <MinimumBounceAngle>21</MinimumBounceAngle>
      <VelocityFallOff>280</VelocityFallOff>
      <DurationTime>1</DurationTime>
      <DurationDistance>1000</DurationDistance>
      <TravelType>normal</TravelType>
      <TravelTypeParameter>0</TravelTypeParameter>
      <SpecialEffect>explosion</SpecialEffect>
      <SpecialEffectParameter1>25</SpecialEffectParameter1>
      <SpecialEffectParameter2>0.25</SpecialEffectParameter2>
      <AudioIndex>0</AudioIndex>
      <AudioCooldown>0.1</AudioCooldown>
    </WeaponType>
    <WeaponType>
      <Name>Bomb 3 Laser 1</Name>
      <Id>1004443</Id>
      <Damage>1</Damage>
      <Knockback>150</Knockback>
      <HitInvincibilityDuration>0.67</HitInvincibilityDuration>
      <ShotSpeed>0</ShotSpeed>
      <ShotCooldown>0.3</ShotCooldown>
      <ShotCount>1</ShotCount>
      <AngleBetweenShots>10</AngleBetweenShots>
      <MaximumBounces>0</MaximumBounces>
      <MinimumBounceAngle>21</MinimumBounceAngle>
      <VelocityFallOff>0</VelocityFallOff>
      <DurationTime>0.0333</DurationTime>
      <DurationDistance>1000</DurationDistance>
      <TravelType>laser</TravelType>
      <TravelTypeParameter>1</TravelTypeParameter>
      <SpecialEffect>explosion</SpecialEffect>
      <SpecialEffectParameter1>25</SpecialEffectParameter1>
      <SpecialEffectParameter2>0.25</SpecialEffectParameter2>
      <AudioIndex>1</AudioIndex>
      <AudioCooldown>0.07</AudioCooldown>
    </WeaponType>
    <WeaponType>
      <Name>Bounce 2 Spreadshot 2</Name>
      <Id>1002211</Id>
      <Damage>1</Damage>
      <Knockback>150</Knockback>
      <HitInvincibilityDuration>0.67</HitInvincibilityDuration>
      <ShotSpeed>540</ShotSpeed>
      <ShotCooldown>0.24</ShotCooldown>
      <ShotCount>3</ShotCount>
      <AngleBetweenShots>10</AngleBetweenShots>
      <MaximumBounces>2</MaximumBounces>
      <MinimumBounceAngle>21</MinimumBounceAngle>
      <VelocityFallOff>0</VelocityFallOff>
      <DurationTime>5</DurationTime>
      <DurationDistance>1000</DurationDistance>
      <TravelType>normal</TravelType>
      <TravelTypeParameter>0</TravelTypeParameter>
      <SpecialEffect>none</SpecialEffect>
      <SpecialEffectParameter1>0</SpecialEffectParameter1>
      <SpecialEffectParameter2>0.25</SpecialEffectParameter2>
      <AudioIndex>0</AudioIndex>
      <AudioCooldown>0.1</AudioCooldown>
    </WeaponType>
    <WeaponType>
      <Name>Bounce 2 Laser 2</Name>
      <Id>1003311</Id>
      <Damage>1</Damage>
      <Knockback>150</Knockback>
      <HitInvincibilityDuration>0.67</HitInvincibilityDuration>
      <ShotSpeed>0</ShotSpeed>
      <ShotCooldown>0.1</ShotCooldown>
      <ShotCount>1</ShotCount>
      <AngleBetweenShots>10</AngleBetweenShots>
      <MaximumBounces>2</MaximumBounces>
      <MinimumBounceAngle>21</MinimumBounceAngle>
      <VelocityFallOff>0</VelocityFallOff>
      <DurationTime>0.0333</DurationTime>
      <DurationDistance>1000</DurationDistance>
      <TravelType>laser</TravelType>
      <TravelTypeParameter>1</TravelTypeParameter>
      <SpecialEffect>none</SpecialEffect>
      <SpecialEffectParameter1>0</SpecialEffectParameter1>
      <SpecialEffectParameter2>0.25</SpecialEffectParameter2>
      <AudioIndex>1</AudioIndex>
      <AudioCooldown>0.07</AudioCooldown>
    </WeaponType>
    <WeaponType>
      <Name>Bounce 2 Bomb 2</Name>
      <Id>1004411</Id>
      <Damage>1</Damage>
      <Knockback>150</Knockback>
      <HitInvincibilityDuration>0.67</HitInvincibilityDuration>
      <ShotSpeed>300</ShotSpeed>
      <ShotCooldown>0.5</ShotCooldown>
      <ShotCount>1</ShotCount>
      <AngleBetweenShots>10</AngleBetweenShots>
      <MaximumBounces>2</MaximumBounces>
      <MinimumBounceAngle>21</MinimumBounceAngle>
      <VelocityFallOff>280</VelocityFallOff>
      <DurationTime>1</DurationTime>
      <DurationDistance>1000</DurationDistance>
      <TravelType>normal</TravelType>
      <TravelTypeParameter>0</TravelTypeParameter>
      <SpecialEffect>explosion</SpecialEffect>
      <SpecialEffectParameter1>20</SpecialEffectParameter1>
      <SpecialEffectParameter2>0.25</SpecialEffectParameter2>
      <AudioIndex>0</AudioIndex>
      <AudioCooldown>0.1</AudioCooldown>
    </WeaponType>
    <WeaponType>
      <Name>Spreadshot 2 Laser 2</Name>
      <Id>1003322</Id>
      <Damage>1</Damage>
      <Knockback>150</Knockback>
      <HitInvincibilityDuration>0.67</HitInvincibilityDuration>
      <ShotSpeed>0</ShotSpeed>
      <ShotCooldown>0.1</ShotCooldown>
      <ShotCount>3</ShotCount>
      <AngleBetweenShots>10</AngleBetweenShots>
      <MaximumBounces>0</MaximumBounces>
      <MinimumBounceAngle>21</MinimumBounceAngle>
      <VelocityFallOff>0</VelocityFallOff>
      <DurationTime>0.0333</DurationTime>
      <DurationDistance>1000</DurationDistance>
      <TravelType>laser</TravelType>
      <TravelTypeParameter>1</TravelTypeParameter>
      <SpecialEffect>none</SpecialEffect>
      <SpecialEffectParameter1>0</SpecialEffectParameter1>
      <SpecialEffectParameter2>0.25</SpecialEffectParameter2>
      <AudioIndex>1</AudioIndex>
      <AudioCooldown>0.07</AudioCooldown>
    </WeaponType>
    <WeaponType>
      <Name>Spreadshot 2 Bomb 2</Name>
      <Id>1004422</Id>
      <Damage>1</Damage>
      <Knockback>150</Knockback>
      <HitInvincibilityDuration>0.67</HitInvincibilityDuration>
      <ShotSpeed>300</ShotSpeed>
      <ShotCooldown>0.5</ShotCooldown>
      <ShotCount>3</ShotCount>
      <AngleBetweenShots>10</AngleBetweenShots>
      <MaximumBounces>0</MaximumBounces>
      <MinimumBounceAngle>21</MinimumBounceAngle>
      <VelocityFallOff>280</VelocityFallOff>
      <DurationTime>1</DurationTime>
      <DurationDistance>1000</DurationDistance>
      <TravelType>normal</TravelType>
      <TravelTypeParameter>0</TravelTypeParameter>
      <SpecialEffect>explosion</SpecialEffect>
      <SpecialEffectParameter1>20</SpecialEffectParameter1>
      <SpecialEffectParameter2>0.25</SpecialEffectParameter2>
      <AudioIndex>0</AudioIndex>
      <AudioCooldown>0.1</AudioCooldown>
    </WeaponType>
    <WeaponType>
      <Name>Laser 2 Bomb 2</Name>
      <Id>1004433</Id>
      <Damage>1</Damage>
      <Knockback>150</Knockback>
      <HitInvincibilityDuration>0.67</HitInvincibilityDuration>
      <ShotSpeed>0</ShotSpeed>
      <ShotCooldown>0.2</ShotCooldown>
      <ShotCount>1</ShotCount>
      <AngleBetweenShots>10</AngleBetweenShots>
      <MaximumBounces>0</MaximumBounces>
      <MinimumBounceAngle>21</MinimumBounceAngle>
      <VelocityFallOff>0</VelocityFallOff>
      <DurationTime>0.0333</DurationTime>
      <DurationDistance>1000</DurationDistance>
      <TravelType>laser</TravelType>
      <TravelTypeParameter>1</TravelTypeParameter>
      <SpecialEffect>explosion</SpecialEffect>
      <SpecialEffectParameter1>20</SpecialEffectParameter1>
      <SpecialEffectParameter2>0.25</SpecialEffectParameter2>
      <AudioIndex>1</AudioIndex>
      <AudioCooldown>0.07</AudioCooldown>
    </WeaponType>
    <WeaponType>
      <Name>Bounce 2 Spreadshot 1 Laser 1</Name>
      <Id>1003211</Id>
      <Damage>1</Damage>
      <Knockback>150</Knockback>
      <HitInvincibilityDuration>0.67</HitInvincibilityDuration>
      <ShotSpeed>0</ShotSpeed>
      <ShotCooldown>0.24</ShotCooldown>
      <ShotCount>2</ShotCount>
      <AngleBetweenShots>10</AngleBetweenShots>
      <MaximumBounces>2</MaximumBounces>
      <MinimumBounceAngle>21</MinimumBounceAngle>
      <VelocityFallOff>0</VelocityFallOff>
      <DurationTime>0.0333</DurationTime>
      <DurationDistance>1000</DurationDistance>
      <TravelType>laser</TravelType>
      <TravelTypeParameter>1</TravelTypeParameter>
      <SpecialEffect>none</SpecialEffect>
      <SpecialEffectParameter1>0</SpecialEffectParameter1>
      <SpecialEffectParameter2>0.25</SpecialEffectParameter2>
      <AudioIndex>1</AudioIndex>
      <AudioCooldown>0.07</AudioCooldown>
    </WeaponType>
    <WeaponType>
      <Name>Bounce 2 Spreadshot 1 Bomb 1</Name>
      <Id>1004211</Id>
      <Damage>1</Damage>
      <Knockback>150</Knockback>
      <HitInvincibilityDuration>0.67</HitInvincibilityDuration>
      <ShotSpeed>300</ShotSpeed>
      <ShotCooldown>0.5</ShotCooldown>
      <ShotCount>2</ShotCount>
      <AngleBetweenShots>10</AngleBetweenShots>
      <MaximumBounces>2</MaximumBounces>
      <MinimumBounceAngle>21</MinimumBounceAngle>
      <VelocityFallOff>280</VelocityFallOff>
      <DurationTime>1</DurationTime>
      <DurationDistance>1000</DurationDistance>
      <TravelType>normal</TravelType>
      <TravelTypeParameter>0</TravelTypeParameter>
      <SpecialEffect>explosion</SpecialEffect>
      <SpecialEffectParameter1>15</SpecialEffectParameter1>
      <SpecialEffectParameter2>0.25</SpecialEffectParameter2>
      <AudioIndex>0</AudioIndex>
      <AudioCooldown>0.1</AudioCooldown>
    </WeaponType>
    <WeaponType>
      <Name>Bounce 2 Laser 1 Bomb 1</Name>
      <Id>1004311</Id>
      <Damage>1</Damage>
      <Knockback>150</Knockback>
      <HitInvincibilityDuration>0.67</HitInvincibilityDuration>
      <ShotSpeed>0</ShotSpeed>
      <ShotCooldown>0.3</ShotCooldown>
      <ShotCount>1</ShotCount>
      <AngleBetweenShots>10</AngleBetweenShots>
      <MaximumBounces>2</MaximumBounces>
      <MinimumBounceAngle>21</MinimumBounceAngle>
      <VelocityFallOff>0</VelocityFallOff>
      <DurationTime>0.0333</DurationTime>
      <DurationDistance>1000</DurationDistance>
      <TravelType>laser</TravelType>
      <TravelTypeParameter>1</TravelTypeParameter>
      <SpecialEffect>explosion</SpecialEffect>
      <SpecialEffectParameter1>15</SpecialEffectParameter1>
      <SpecialEffectParameter2>0.25</SpecialEffectParameter2>
      <AudioIndex>1</AudioIndex>
      <AudioCooldown>0.07</AudioCooldown>
    </WeaponType>
    <WeaponType>
      <Name>Spreadshot 2 Bounce 1 Laser 1</Name>
      <Id>1003221</Id>
      <Damage>1</Damage>
      <Knockback>150</Knockback>
      <HitInvincibilityDuration>0.67</HitInvincibilityDuration>
      <ShotSpeed>0</ShotSpeed>
      <ShotCooldown>0.24</ShotCooldown>
      <ShotCount>3</ShotCount>
      <AngleBetweenShots>10</AngleBetweenShots>
      <MaximumBounces>1</MaximumBounces>
      <MinimumBounceAngle>21</MinimumBounceAngle>
      <VelocityFallOff>0</VelocityFallOff>
      <DurationTime>0.0333</DurationTime>
      <DurationDistance>1000</DurationDistance>
      <TravelType>laser</TravelType>
      <TravelTypeParameter>1</TravelTypeParameter>
      <SpecialEffect>none</SpecialEffect>
      <SpecialEffectParameter1>0</SpecialEffectParameter1>
      <SpecialEffectParameter2>0.25</SpecialEffectParameter2>
      <AudioIndex>1</AudioIndex>
      <AudioCooldown>0.07</AudioCooldown>
    </WeaponType>
    <WeaponType>
      <Name>Spreadshot 2 Bounce 1 Bomb 1</Name>
      <Id>1004221</Id>
      <Damage>1</Damage>
      <Knockback>150</Knockback>
      <HitInvincibilityDuration>0.67</HitInvincibilityDuration>
      <ShotSpeed>300</ShotSpeed>
      <ShotCooldown>0.5</ShotCooldown>
      <ShotCount>3</ShotCount>
      <AngleBetweenShots>10</AngleBetweenShots>
      <MaximumBounces>1</MaximumBounces>
      <MinimumBounceAngle>21</MinimumBounceAngle>
      <VelocityFallOff>280</VelocityFallOff>
      <DurationTime>1</DurationTime>
      <DurationDistance>1000</DurationDistance>
      <TravelType>normal</TravelType>
      <TravelTypeParameter>0</TravelTypeParameter>
      <SpecialEffect>explosion</SpecialEffect>
      <SpecialEffectParameter1>15</SpecialEffectParameter1>
      <SpecialEffectParameter2>0.25</SpecialEffectParameter2>
      <AudioIndex>0</AudioIndex>
      <AudioCooldown>0.1</AudioCooldown>
    </WeaponType>
    <WeaponType>
      <Name>Spreadshot 2 Laser 1 Bomb 1</Name>
      <Id>1004322</Id>
      <Damage>1</Damage>
      <Knockback>150</Knockback>
      <HitInvincibilityDuration>0.67</HitInvincibilityDuration>
      <ShotSpeed>0</ShotSpeed>
      <ShotCooldown>0.3</ShotCooldown>
      <ShotCount>3</ShotCount>
      <AngleBetweenShots>10</AngleBetweenShots>
      <MaximumBounces>0</MaximumBounces>
      <MinimumBounceAngle>21</MinimumBounceAngle>
      <VelocityFallOff>0</VelocityFallOff>
      <DurationTime>0.0333</DurationTime>
      <DurationDistance>1000</DurationDistance>
      <TravelType>laser</TravelType>
      <TravelTypeParameter>1</TravelTypeParameter>
      <SpecialEffect>explosion</SpecialEffect>
      <SpecialEffectParameter1>15</SpecialEffectParameter1>
      <SpecialEffectParameter2>0.25</SpecialEffectParameter2>
      <AudioIndex>1</AudioIndex>
      <AudioCooldown>0.07</AudioCooldown>
    </WeaponType>
    <WeaponType>
      <Name>Laser 2 Bounce 1 Spreadshot 1</Name>
      <Id>1003321</Id>
      <Damage>1</Damage>
      <Knockback>150</Knockback>
      <HitInvincibilityDuration>0.67</HitInvincibilityDuration>
      <ShotSpeed>0</ShotSpeed>
      <ShotCooldown>0.1</ShotCooldown>
      <ShotCount>2</ShotCount>
      <AngleBetweenShots>10</AngleBetweenShots>
      <MaximumBounces>1</MaximumBounces>
      <MinimumBounceAngle>21</MinimumBounceAngle>
      <VelocityFallOff>0</VelocityFallOff>
      <DurationTime>0.0333</DurationTime>
      <DurationDistance>1000</DurationDistance>
      <TravelType>laser</TravelType>
      <TravelTypeParameter>1</TravelTypeParameter>
      <SpecialEffect>none</SpecialEffect>
      <SpecialEffectParameter1>0</SpecialEffectParameter1>
      <SpecialEffectParameter2>0.25</SpecialEffectParameter2>
      <AudioIndex>1</AudioIndex>
      <AudioCooldown>0.07</AudioCooldown>
    </WeaponType>
    <WeaponType>
      <Name>Laser 2 Bounce 1 Bomb 1</Name>
      <Id>1004331</Id>
      <Damage>1</Damage>
      <Knockback>150</Knockback>
      <HitInvincibilityDuration>0.67</HitInvincibilityDuration>
      <ShotSpeed>0</ShotSpeed>
      <ShotCooldown>0.2</ShotCooldown>
      <ShotCount>1</ShotCount>
      <AngleBetweenShots>10</AngleBetweenShots>
      <MaximumBounces>1</MaximumBounces>
      <MinimumBounceAngle>21</MinimumBounceAngle>
      <VelocityFallOff>0</VelocityFallOff>
      <DurationTime>0.0333</DurationTime>
      <DurationDistance>1000</DurationDistance>
      <TravelType>laser</TravelType>
      <TravelTypeParameter>1</TravelTypeParameter>
      <SpecialEffect>explosion</SpecialEffect>
      <SpecialEffectParameter1>15</SpecialEffectParameter1>
      <SpecialEffectParameter2>0.25</SpecialEffectParameter2>
      <AudioIndex>1</AudioIndex>
      <AudioCooldown>0.07</AudioCooldown>
    </WeaponType>
    <WeaponType>
      <Name>Laser 2 Spreadshot 1 Bomb 1</Name>
      <Id>1004332</Id>
      <Damage>1</Damage>
      <Knockback>150</Knockback>
      <HitInvincibilityDuration>0.67</HitInvincibilityDuration>
      <ShotSpeed>0</ShotSpeed>
      <ShotCooldown>0.2</ShotCooldown>
      <ShotCount>2</ShotCount>
      <AngleBetweenShots>10</AngleBetweenShots>
      <MaximumBounces>0</MaximumBounces>
      <MinimumBounceAngle>21</MinimumBounceAngle>
      <VelocityFallOff>0</VelocityFallOff>
      <DurationTime>0.0333</DurationTime>
      <DurationDistance>1000</DurationDistance>
      <TravelType>laser</TravelType>
      <TravelTypeParameter>1</TravelTypeParameter>
      <SpecialEffect>explosion</SpecialEffect>
      <SpecialEffectParameter1>15</SpecialEffectParameter1>
      <SpecialEffectParameter2>0.25</SpecialEffectParameter2>
      <AudioIndex>1</AudioIndex>
      <AudioCooldown>0.07</AudioCooldown>
    </WeaponType>
    <WeaponType>
      <Name>Bomb 2 Bounce 1 Spreadshot 1</Name>
      <Id>1004421</Id>
      <Damage>1</Damage>
      <Knockback>150</Knockback>
      <HitInvincibilityDuration>0.67</HitInvincibilityDuration>
      <ShotSpeed>300</ShotSpeed>
      <ShotCooldown>0.5</ShotCooldown>
      <ShotCount>2</ShotCount>
      <AngleBetweenShots>10</AngleBetweenShots>
      <MaximumBounces>1</MaximumBounces>
      <MinimumBounceAngle>21</MinimumBounceAngle>
      <VelocityFallOff>280</VelocityFallOff>
      <DurationTime>1</DurationTime>
      <DurationDistance>1000</DurationDistance>
      <TravelType>normal</TravelType>
      <TravelTypeParameter>0</TravelTypeParameter>
      <SpecialEffect>explosion</SpecialEffect>
      <SpecialEffectParameter1>20</SpecialEffectParameter1>
      <SpecialEffectParameter2>0.25</SpecialEffectParameter2>
      <AudioIndex>0</AudioIndex>
      <AudioCooldown>0.1</AudioCooldown>
    </WeaponType>
    <WeaponType>
      <Name>Bomb 2 Bounce 1 Laser 1</Name>
      <Id>1004431</Id>
      <Damage>1</Damage>
      <Knockback>150</Knockback>
      <HitInvincibilityDuration>0.67</HitInvincibilityDuration>
      <ShotSpeed>0</ShotSpeed>
      <ShotCooldown>0.3</ShotCooldown>
      <ShotCount>1</ShotCount>
      <AngleBetweenShots>10</AngleBetweenShots>
      <MaximumBounces>1</MaximumBounces>
      <MinimumBounceAngle>21</MinimumBounceAngle>
      <VelocityFallOff>0</VelocityFallOff>
      <DurationTime>0.0333</DurationTime>
      <DurationDistance>1000</DurationDistance>
      <TravelType>laser</TravelType>
      <TravelTypeParameter>1</TravelTypeParameter>
      <SpecialEffect>explosion</SpecialEffect>
      <SpecialEffectParameter1>20</SpecialEffectParameter1>
      <SpecialEffectParameter2>0.25</SpecialEffectParameter2>
      <AudioIndex>1</AudioIndex>
      <AudioCooldown>0.07</AudioCooldown>
    </WeaponType>
    <WeaponType>
      <Name>Bomb 2 Spreadshot 1 Laser 1</Name>
      <Id>1004432</Id>
      <Damage>1</Damage>
      <Knockback>150</Knockback>
      <HitInvincibilityDuration>0.67</HitInvincibilityDuration>
      <ShotSpeed>300</ShotSpeed>
      <ShotCooldown>0.3</ShotCooldown>
      <ShotCount>2</ShotCount>
      <AngleBetweenShots>10</AngleBetweenShots>
      <MaximumBounces>0</MaximumBounces>
      <MinimumBounceAngle>21</MinimumBounceAngle>
      <VelocityFallOff>0</VelocityFallOff>
      <DurationTime>0.0333</DurationTime>
      <DurationDistance>1000</DurationDistance>
      <TravelType>laser</TravelType>
      <TravelTypeParameter>1</TravelTypeParameter>
      <SpecialEffect>explosion</SpecialEffect>
      <SpecialEffectParameter1>20</SpecialEffectParameter1>
      <SpecialEffectParameter2>0.25</SpecialEffectParameter2>
      <AudioIndex>0</AudioIndex>
      <AudioCooldown>0.1</AudioCooldown>
    </WeaponType>
    <WeaponType>
      <Name>Bounce 1 Spreadshot 1 Laser 1 Bomb 1</Name>
      <Id>1004321</Id>
      <Damage>1</Damage>
      <Knockback>150</Knockback>
      <HitInvincibilityDuration>0.67</HitInvincibilityDuration>
      <ShotSpeed>0</ShotSpeed>
      <ShotCooldown>0.3</ShotCooldown>
      <ShotCount>2</ShotCount>
      <AngleBetweenShots>10</AngleBetweenShots>
      <MaximumBounces>1</MaximumBounces>
      <MinimumBounceAngle>21</MinimumBounceAngle>
      <VelocityFallOff>0</VelocityFallOff>
      <DurationTime>0.0333</DurationTime>
      <DurationDistance>1000</DurationDistance>
      <TravelType>laser</TravelType>
      <TravelTypeParameter>1</TravelTypeParameter>
      <SpecialEffect>explosion</SpecialEffect>
      <SpecialEffectParameter1>15</SpecialEffectParameter1>
      <SpecialEffectParameter2>0.25</SpecialEffectParameter2>
      <AudioIndex>1</AudioIndex>
      <AudioCooldown>0.07</AudioCooldown>
    </WeaponType>
    <WeaponType>
      <Name>Enemy Normal 1</Name>
      <Id>2000001</Id>
      <Damage>1</Damage>
      <Knockback>150</Knockback>
      <HitInvincibilityDuration>2</HitInvincibilityDuration>
      <ShotSpeed>240</ShotSpeed>
      <ShotCooldown>0.5</ShotCooldown>
      <ShotCount>1</ShotCount>
      <AngleBetweenShots>10</AngleBetweenShots>
      <MaximumBounces>0</MaximumBounces>
      <MinimumBounceAngle>21</MinimumBounceAngle>
      <VelocityFallOff>0</VelocityFallOff>
      <DurationTime>5</DurationTime>
      <DurationDistance>1000</DurationDistance>
      <TravelType>normal</TravelType>
      <TravelTypeParameter>0</TravelTypeParameter>
      <SpecialEffect>none</SpecialEffect>
      <SpecialEffectParameter1>0</SpecialEffectParameter1>
      <SpecialEffectParameter2>0</SpecialEffectParameter2>
      <AudioIndex>0</AudioIndex>
      <AudioCooldown>0.1</AudioCooldown>
    </WeaponType>
    <WeaponType>
      <Name>Enemy Quad Laser 1</Name>
      <Id>2000002</Id>
      <Damage>1</Damage>
      <Knockback>150</Knockback>
      <HitInvincibilityDuration>2</HitInvincibilityDuration>
      <ShotSpeed>0</ShotSpeed>
      <ShotCooldown>0.0333</ShotCooldown>
      <ShotCount>4</ShotCount>
      <AngleBetweenShots>90</AngleBetweenShots>
      <MaximumBounces>0</MaximumBounces>
      <MinimumBounceAngle>21</MinimumBounceAngle>
      <VelocityFallOff>0</VelocityFallOff>
      <DurationTime>0.0333</DurationTime>
      <DurationDistance>1000</DurationDistance>
      <TravelType>laser</TravelType>
      <TravelTypeParameter>0</TravelTypeParameter>
      <SpecialEffect>none</SpecialEffect>
      <SpecialEffectParameter1>0</SpecialEffectParameter1>
      <SpecialEffectParameter2>0</SpecialEffectParameter2>
      <AudioIndex>1</AudioIndex>
      <AudioCooldown>0.07</AudioCooldown>
    </WeaponType>
    <WeaponType>
      <Name>Enemy Quad Bomb 1</Name>
      <Id>2000003</Id>
      <Damage>1</Damage>
      <Knockback>150</Knockback>
      <HitInvincibilityDuration>2</HitInvincibilityDuration>
      <ShotSpeed>240</ShotSpeed>
      <ShotCooldown>0.24</ShotCooldown>
      <ShotCount>4</ShotCount>
      <AngleBetweenShots>90</AngleBetweenShots>
      <MaximumBounces>1</MaximumBounces>
      <MinimumBounceAngle>8</MinimumBounceAngle>
      <VelocityFallOff>50</VelocityFallOff>
      <DurationTime>0.7</DurationTime>
      <DurationDistance>1000</DurationDistance>
      <TravelType>normal</TravelType>
      <TravelTypeParameter>0</TravelTypeParameter>
      <SpecialEffect>explosion</SpecialEffect>
      <SpecialEffectParameter1>15</SpecialEffectParameter1>
      <SpecialEffectParameter2>0</SpecialEffectParameter2>
      <AudioIndex>0</AudioIndex>
      <AudioCooldown>0.1</AudioCooldown>
    </WeaponType>
    <WeaponType>
      <Name>Enemy Melee 1</Name>
      <Id>2000004</Id>
      <Damage>1</Damage>
      <Knockback>150</Knockback>
      <HitInvincibilityDuration>2</HitInvincibilityDuration>
      <ShotSpeed>240</ShotSpeed>
      <ShotCooldown>0</ShotCooldown>
      <ShotCount>0</ShotCount>
      <AngleBetweenShots>10</AngleBetweenShots>
      <MaximumBounces>0</MaximumBounces>
      <MinimumBounceAngle>21</MinimumBounceAngle>
      <VelocityFallOff>0</VelocityFallOff>
      <DurationTime>0</DurationTime>
      <DurationDistance>1000</DurationDistance>
      <TravelType>normal</TravelType>
      <TravelTypeParameter>0</TravelTypeParameter>
      <SpecialEffect>none</SpecialEffect>
      <SpecialEffectParameter1>0</SpecialEffectParameter1>
      <SpecialEffectParameter2>0</SpecialEffectParameter2>
      <AudioIndex>0</AudioIndex>
      <AudioCooldown>0.1</AudioCooldown>
    </WeaponType>
    <WeaponType>
      <Name>Enemy Melee 2</Name>
      <Id>2000005</Id>
      <Damage>1</Damage>
      <Knockback>150</Knockback>
      <HitInvincibilityDuration>2</HitInvincibilityDuration>
      <ShotSpeed>240</ShotSpeed>
      <ShotCooldown>0</ShotCooldown>
      <ShotCount>0</ShotCount>
      <AngleBetweenShots>10</AngleBetweenShots>
      <MaximumBounces>0</MaximumBounces>
      <MinimumBounceAngle>21</MinimumBounceAngle>
      <VelocityFallOff>0</VelocityFallOff>
      <DurationTime>0</DurationTime>
      <DurationDistance>1000</DurationDistance>
      <TravelType>normal</TravelType>
      <TravelTypeParameter>0</TravelTypeParameter>
      <SpecialEffect>explosion</SpecialEffect>
      <SpecialEffectParameter1>15</SpecialEffectParameter1>
      <SpecialEffectParameter2>0</SpecialEffectParameter2>
      <AudioIndex>0</AudioIndex>
      <AudioCooldown>0.1</AudioCooldown>
    </WeaponType>
    <WeaponType>
      <Name>Boss 8-Way Shot</Name>
      <Id>2000006</Id>
      <Damage>1</Damage>
      <Knockback>150</Knockback>
      <HitInvincibilityDuration>2</HitInvincibilityDuration>
      <ShotSpeed>200</ShotSpeed>
      <ShotCooldown>2</ShotCooldown>
      <ShotCount>8</ShotCount>
      <AngleBetweenShots>45</AngleBetweenShots>
      <MaximumBounces>0</MaximumBounces>
      <MinimumBounceAngle>21</MinimumBounceAngle>
      <VelocityFallOff>0</VelocityFallOff>
      <DurationTime>5</DurationTime>
      <DurationDistance>1000</DurationDistance>
      <TravelType>normal</TravelType>
      <TravelTypeParameter>0</TravelTypeParameter>
      <SpecialEffect>none</SpecialEffect>
      <SpecialEffectParameter1>0</SpecialEffectParameter1>
      <SpecialEffectParameter2>0</SpecialEffectParameter2>
      <AudioIndex>0</AudioIndex>
      <AudioCooldown>0.1</AudioCooldown>
    </WeaponType>
    <WeaponType>
      <Name>Boss 180 Shot</Name>
      <Id>2000007</Id>
      <Damage>1</Damage>
      <Knockback>150</Knockback>
      <HitInvincibilityDuration>2</HitInvincibilityDuration>
      <ShotSpeed>0</ShotSpeed>
      <ShotCooldown>0.0333</ShotCooldown>
      <ShotCount>2</ShotCount>
      <AngleBetweenShots>180</AngleBetweenShots>
      <MaximumBounces>0</MaximumBounces>
      <MinimumBounceAngle>21</MinimumBounceAngle>
      <VelocityFallOff>0</VelocityFallOff>
      <DurationTime>0.0333</DurationTime>
      <DurationDistance>1000</DurationDistance>
      <TravelType>laser</TravelType>
      <TravelTypeParameter>0</TravelTypeParameter>
      <SpecialEffect>none</SpecialEffect>
      <SpecialEffectParameter1>0</SpecialEffectParameter1>
      <SpecialEffectParameter2>0</SpecialEffectParameter2>
      <AudioIndex>1</AudioIndex>
      <AudioCooldown>0.07</AudioCooldown>
    </WeaponType>
    <WeaponType>
      <Name>Enemy Triple Laser</Name>
      <Id>2000008</Id>
      <Damage>1</Damage>
      <Knockback>150</Knockback>
      <HitInvincibilityDuration>2</HitInvincibilityDuration>
      <ShotSpeed>0</ShotSpeed>
      <ShotCooldown>0.0333</ShotCooldown>
      <ShotCount>3</ShotCount>
      <AngleBetweenShots>8</AngleBetweenShots>
      <MaximumBounces>0</MaximumBounces>
      <MinimumBounceAngle>21</MinimumBounceAngle>
      <VelocityFallOff>0</VelocityFallOff>
      <DurationTime>0.0333</DurationTime>
      <DurationDistance>1000</DurationDistance>
      <TravelType>laser</TravelType>
      <TravelTypeParameter>0</TravelTypeParameter>
      <SpecialEffect>none</SpecialEffect>
      <SpecialEffectParameter1>0</SpecialEffectParameter1>
      <SpecialEffectParameter2>0</SpecialEffectParameter2>
      <AudioIndex>1</AudioIndex>
      <AudioCooldown>0.07</AudioCooldown>
    </WeaponType>
  </WeaponTypes>
</WeaponData>