<?xml version="1.0" encoding="utf-8"?>
<LevelData>
<Rows>
<Row>
<RowData>XXXXXXXXXXX________XXXXXXXXXXXX</RowData>
</Row>
<Row>
<RowData>XXXXXXXXXXX________XXXXXXXXXXXX</RowData>
</Row>
<Row>
<RowData>XXXXXXXXXXX________XXXXXXXXXXXX</RowData>
</Row>
<Row>
<RowData>XXXXXXXXXXX________XXXXXXXXXXXX</RowData>
</Row>
<Row>
<RowData>XXXXXXXXXXX________XXXXXXXXXXXX</RowData>
</Row>
<Row>
<RowData>XXXXXXXXXXX_________XXXXXXXXXXX</RowData>
</Row>
<Row>
<RowData>XXXXXXXXX____________XX__XXXXXX</RowData>
</Row>
<Row>
<RowData>XXXXXXX__________________XXXXXX</RowData>
</Row>
<Row>
<RowData>XXXXXX____________________XXXXX</RowData>
</Row>
<Row>
<RowData>XXXX_____________________XXXXXX</RowData>
</Row>
<Row>
<RowData>________________________XXXXXXX</RowData>
</Row>
<Row>
<RowData>________________________XXXXXXX</RowData>
</Row>
<Row>
<RowData>__________________________XXXXX</RowData>
</Row>
<Row>
<RowData>_______________________________</RowData>
</Row>
<Row>
<RowData>___________________________XXXX</RowData>
</Row>
<Row>
<RowData>__________________________XXXXX</RowData>
</Row>
<Row>
<RowData>____________________XXX___XXXXX</RowData>
</Row>
<Row>
<RowData>___________________XXXX__XXXXXX</RowData>
</Row>
<Row>
<RowData>___________________XXXXXXXXXXXX</RowData>
</Row>
<Row>
<RowData>XXXXX___________XXXXXXXXXXXXXXX</RowData>
</Row>
<Row>
<RowData>XXXXXXX_______XXXXXXXXXXXXXXXXX</RowData>
</Row>
<Row>
<RowData>XXXXXXXX_____XXXXXXXXXXXXXXXXXX</RowData>
</Row>
<Row>
<RowData>XXXXXXXX___XXXXXXXXXXXXXXXXXXXX</RowData>
</Row>
<Row>
<RowData>XXXXXXXX___XXXXXXXXXXXXXXXXXXXX</RowData>
</Row>
<Row>
<RowData>XXXXXXXX___XXXXXXXXXXXXXXXXXXXX</RowData>
</Row>
<Row>
<RowData>XXXXXXXX___XXXXXXXXXXXXXXXXXXXX</RowData>
</Row>
<Row>
<RowData>XXXXXXXX___XXXXXXXXXXXXXXXXXXXX</RowData>
</Row>
</Rows>
</LevelData>
